time,open,high,low,close,volume,ticker
2012-01-05,3270,3450,3250,3330,344100,ACB
2012-01-05,3270,3450,3250,3330,344100,ACB
2012-01-06,3330,3330,3250,3270,233100,ACB
2012-01-09,3270,3270,3230,3250,123000,ACB
2012-01-10,3250,3300,3250,3270,47300,ACB
2012-01-11,3270,3300,3250,3270,158900,ACB
2012-01-12,3270,3280,3250,3270,77400,ACB
2012-01-13,3270,3300,3250,3270,83200,ACB
2012-01-16,3270,3330,3270,3300,144000,ACB
2012-01-17,3270,3350,3270,3330,215300,ACB
2012-01-18,3330,3370,3330,3350,86600,ACB
2012-01-19,3380,3430,3380,3420,137500,ACB
2012-01-20,3430,3480,3420,3430,129500,ACB
2012-01-30,3580,3580,3450,3480,91900,ACB
2012-01-31,3500,3570,3480,3550,209100,ACB
2012-02-01,3570,3570,3480,3520,154400,ACB
2012-02-02,3520,3680,3520,3600,254600,ACB
2012-02-03,3680,3680,3430,3580,216300,ACB
2012-02-06,3600,3600,3570,3580,137900,ACB
2012-02-07,3600,3770,3600,3740,607800,ACB
2012-02-08,3680,3850,3680,3820,510700,ACB
2012-02-09,3790,4050,3770,3950,1153700,ACB
2012-02-10,3950,4000,3850,3920,393700,ACB
2012-02-13,3900,3900,3720,3790,446900,ACB
2012-02-14,3720,3750,3620,3650,498500,ACB
2012-02-15,3650,3680,3500,3550,425300,ACB
2012-02-16,3550,3580,3520,3550,507500,ACB
2012-02-17,3570,3620,3570,3600,541000,ACB
2012-02-20,3620,3840,3620,3750,850100,ACB
2012-02-21,3940,4000,3750,3800,468700,ACB
2012-02-22,3800,3900,3740,3840,577700,ACB
2012-02-23,3870,3900,3790,3850,769300,ACB
2012-02-24,3850,3920,3840,3870,995200,ACB
2012-02-27,3850,3950,3840,3900,667700,ACB
2012-02-28,3990,3990,3840,3900,831500,ACB
2012-02-29,3850,3950,3850,3890,669400,ACB
2012-03-01,3940,4150,3940,4090,1927000,ACB
2012-03-02,4190,4370,4190,4360,2678000,ACB
2012-03-05,4420,4660,4420,4660,2220300,ACB
2012-03-06,4690,4970,4510,4690,1911800,ACB
2012-03-07,4520,4520,4370,4410,1469700,ACB
2012-03-08,4120,4340,4100,4200,1550100,ACB
2012-03-09,4100,4240,3990,4100,1298200,ACB
2012-03-12,4120,4120,3990,4019,845400,ACB
2012-03-13,4019,4170,4019,4100,464500,ACB
2012-03-14,4190,4200,4050,4100,493200,ACB
2012-03-15,4120,4260,4050,4150,791100,ACB
2012-03-16,4420,4420,4220,4290,817700,ACB
2012-03-19,4270,4300,4150,4200,610200,ACB
2012-03-20,4270,4360,4220,4290,862200,ACB
2012-03-21,4290,4370,4240,4340,1608000,ACB
2012-03-22,4360,4360,4260,4290,578600,ACB
2012-03-23,4290,4340,4260,4300,1402600,ACB
2012-03-26,4370,4390,4300,4320,1228700,ACB
2012-03-27,4320,4320,4190,4200,1317900,ACB
2012-03-28,4170,4220,4120,4190,1161200,ACB
2012-03-29,4220,4220,4040,4140,1103100,ACB
2012-03-30,4120,4150,4100,4140,784200,ACB
2012-04-03,4140,4200,4120,4200,321500,ACB
2012-04-04,4240,4240,4140,4150,309000,ACB
2012-04-05,4170,4240,4140,4220,427200,ACB
2012-04-06,4260,4270,4220,4240,948100,ACB
2012-04-09,4260,4270,4240,4270,674100,ACB
2012-04-10,4270,4270,4190,4200,513200,ACB
2012-04-11,4220,4320,4220,4270,743400,ACB
2012-04-12,4300,4470,4290,4410,2167400,ACB
2012-04-13,4440,4440,4320,4360,718200,ACB
2012-04-16,4360,4460,4320,4410,580500,ACB
2012-04-17,4390,4460,4360,4410,759500,ACB
2012-04-18,4370,4420,4300,4320,1107200,ACB
2012-04-19,4320,4320,4240,4260,862500,ACB
2012-04-20,4260,4270,4220,4260,657600,ACB
2012-04-23,4540,4540,4220,4300,355200,ACB
2012-04-24,4300,4320,4270,4300,152900,ACB
2012-04-25,4340,4390,4300,4320,181600,ACB
2012-04-26,4360,4360,4220,4270,307800,ACB
2012-04-27,4270,4320,4260,4320,268900,ACB
2012-05-02,4270,4300,4240,4260,263900,ACB
2012-05-03,4220,4290,4220,4240,468700,ACB
2012-05-04,4240,4290,4240,4290,315700,ACB
2012-05-07,4290,4320,4270,4300,293600,ACB
2012-05-08,4300,4460,4300,4360,858000,ACB
2012-05-09,4320,4390,4270,4340,324000,ACB
2012-05-10,4340,4410,4300,4320,581900,ACB
2012-05-11,4320,4360,4270,4290,349000,ACB
2012-05-14,4320,4410,4270,4290,1015200,ACB
2012-05-15,4290,4320,4260,4290,877400,ACB
2012-05-16,4290,4320,4270,4300,824500,ACB
2012-05-17,4290,4320,4290,4300,659100,ACB
2012-05-18,4290,4290,4190,4240,1051500,ACB
2012-05-21,4220,4340,4220,4340,244900,ACB
2012-05-22,4290,4360,4040,4290,242400,ACB
2012-05-23,4290,4300,4270,4290,556100,ACB
2012-05-24,4290,4300,4270,4270,609200,ACB
2012-05-25,4270,4340,4270,4340,203500,ACB
2012-05-28,4340,4360,4300,4320,172200,ACB
2012-05-29,4290,4340,4290,4320,233300,ACB
2012-05-30,4320,4340,4300,4320,56500,ACB
2012-05-31,4300,4320,4290,4300,441000,ACB
2012-06-01,4300,4320,4300,4300,81400,ACB
2012-06-04,4300,4320,4270,4290,425900,ACB
2012-06-05,4290,4320,4290,4300,253100,ACB
2012-06-06,4300,4340,4300,4320,92400,ACB
2012-06-07,4290,4340,4290,4320,53900,ACB
2012-06-08,4340,4360,4290,4300,126100,ACB
2012-06-11,4190,4320,4190,4300,166800,ACB
2012-06-12,4320,4320,4290,4300,210500,ACB
2012-06-13,4290,4320,4290,4300,289700,ACB
2012-06-14,4300,4320,4290,4290,294900,ACB
2012-06-15,4290,4300,4290,4290,180600,ACB
2012-06-18,4290,4340,4290,4320,129000,ACB
2012-06-19,4320,4340,4300,4320,402200,ACB
2012-06-20,4340,4340,4300,4320,339300,ACB
2012-06-21,4300,4340,4300,4320,711600,ACB
2012-06-22,4320,4320,4300,4300,568200,ACB
2012-06-25,4320,4320,4290,4290,283900,ACB
2012-06-26,4320,4320,4270,4300,725600,ACB
2012-06-27,4300,4320,4290,4300,560400,ACB
2012-06-28,4290,4320,4290,4290,622500,ACB
2012-06-29,4320,4320,4290,4300,1184300,ACB
2012-07-02,4320,4320,4290,4290,141000,ACB
2012-07-03,4290,4300,4290,4290,752300,ACB
2012-07-04,4290,4300,4290,4290,250500,ACB
2012-07-05,4290,4300,4290,4290,225500,ACB
2012-07-06,4290,4320,4290,4300,172900,ACB
2012-07-09,4320,4320,4270,4290,1134500,ACB
2012-07-10,4290,4300,4270,4290,872200,ACB
2012-07-11,4270,4300,4270,4290,365500,ACB
2012-07-12,4290,4290,4270,4290,424600,ACB
2012-07-13,4270,4290,4270,4270,391400,ACB
2012-07-16,4270,4290,4270,4290,95900,ACB
2012-07-17,4290,4320,4270,4320,95800,ACB
2012-07-18,4300,4320,4290,4300,24700,ACB
2012-07-19,4320,4320,4290,4300,70000,ACB
2012-07-20,4290,4320,4290,4300,115900,ACB
2012-07-23,4300,4320,4290,4300,177700,ACB
2012-07-24,4290,4300,4290,4290,86200,ACB
2012-07-25,4290,4300,4290,4290,89400,ACB
2012-07-26,4290,4300,4290,4300,721300,ACB
2012-07-27,4300,4320,4290,4300,291300,ACB
2012-07-30,4300,4320,4290,4300,83500,ACB
2012-07-31,4300,4320,4290,4300,79800,ACB
2012-08-01,4290,4320,4290,4300,245700,ACB
2012-08-02,4300,4320,4290,4300,295100,ACB
2012-08-03,4300,4300,4290,4300,57800,ACB
2012-08-06,4290,4320,4290,4320,222600,ACB
2012-08-07,4320,4320,4290,4290,126800,ACB
2012-08-08,4290,4300,4290,4300,151100,ACB
2012-08-09,4300,4320,4290,4320,42800,ACB
2012-08-10,4300,4300,4290,4300,65300,ACB
2012-08-13,4290,4320,4290,4300,127800,ACB
2012-08-14,4300,4320,4290,4300,154300,ACB
2012-08-15,4290,4320,4290,4320,89800,ACB
2012-08-16,4300,4320,4300,4300,71000,ACB
2012-08-17,4300,4320,4300,4320,194000,ACB
2012-08-20,4320,4340,4300,4340,87100,ACB
2012-08-21,4300,4300,4040,4040,904600,ACB
2012-08-22,3770,3770,3770,3770,688900,ACB
2012-08-23,3520,3540,3520,3520,260600,ACB
2012-08-24,3280,3750,3280,3640,1633900,ACB
2012-08-27,3650,3680,3380,3380,924300,ACB
2012-08-28,3270,3350,3150,3180,757900,ACB
2012-08-29,3100,3370,3100,3350,734900,ACB
2012-08-30,3430,3430,3320,3350,433300,ACB
2012-08-31,3350,3350,3300,3320,563300,ACB
2012-09-04,3320,3350,3300,3300,523200,ACB
2012-09-05,3420,3520,3280,3300,758800,ACB
2012-09-06,3320,3320,3250,3270,550800,ACB
2012-09-07,3270,3280,3220,3230,716500,ACB
2012-09-10,3230,3230,3020,3030,902000,ACB
2012-09-11,3180,3180,3000,3000,456200,ACB
2012-09-12,3020,3100,2980,2980,332700,ACB
2012-09-13,2980,3000,2950,2960,631500,ACB
2012-09-14,3000,3100,3000,3020,728300,ACB
2012-09-17,3030,3100,3000,3050,740500,ACB
2012-09-18,3050,3050,2850,2850,742700,ACB
2012-09-19,2680,2830,2660,2660,4103000,ACB
2012-09-20,2600,2660,2480,2580,1998300,ACB
2012-09-21,2580,2750,2580,2750,2269400,ACB
2012-09-24,2810,2930,2730,2880,1761000,ACB
2012-09-25,2830,2900,2760,2810,1092100,ACB
2012-09-26,2780,2810,2750,2760,665500,ACB
2012-09-27,2760,2810,2730,2730,455700,ACB
2012-09-28,2700,2800,2610,2760,883100,ACB
2012-10-01,2760,2760,2660,2660,1087100,ACB
2012-10-02,2650,2700,2630,2650,677300,ACB
2012-10-03,2630,2660,2630,2650,709600,ACB
2012-10-04,2650,2660,2630,2650,359600,ACB
2012-10-05,2650,2650,2610,2650,699900,ACB
2012-10-08,2630,2680,2610,2660,1692900,ACB
2012-10-09,2680,2700,2660,2680,2432500,ACB
2012-10-10,2680,2700,2660,2680,1987500,ACB
2012-10-11,2680,2780,2660,2710,2444200,ACB
2012-10-12,2710,2730,2700,2700,522200,ACB
2012-10-15,2700,2710,2660,2680,1528800,ACB
2012-10-16,2680,2710,2660,2710,1351800,ACB
2012-10-17,2710,2710,2680,2680,665600,ACB
2012-10-18,2700,2700,2660,2680,1191600,ACB
2012-10-19,2680,2700,2610,2650,1564600,ACB
2012-10-22,2610,2630,2480,2610,967700,ACB
2012-10-23,2610,2630,2600,2630,696800,ACB
2012-10-24,2630,2660,2600,2650,659900,ACB
2012-10-25,2630,2680,2630,2650,844000,ACB
2012-10-26,2600,2650,2560,2650,550300,ACB
2012-10-29,2650,2680,2630,2630,537800,ACB
2012-10-30,2630,2650,2600,2600,120900,ACB
2012-10-31,2560,2580,2510,2560,300000,ACB
2012-11-01,2580,2580,2530,2550,310200,ACB
2012-11-02,2550,2550,2400,2410,795700,ACB
2012-11-05,2410,2450,2380,2450,203800,ACB
2012-11-06,2450,2460,2430,2460,89400,ACB
2012-11-07,2460,2560,2450,2510,121200,ACB
2012-11-08,2430,2530,2430,2480,85000,ACB
2012-11-09,2500,2510,2480,2500,241100,ACB
2012-11-12,2510,2550,2500,2550,148700,ACB
2012-11-13,2550,2560,2510,2530,228600,ACB
2012-11-14,2530,2550,2510,2530,149900,ACB
2012-11-15,2560,2560,2480,2500,155800,ACB
2012-11-16,2510,2510,2480,2480,105300,ACB
2012-11-19,2480,2480,2430,2450,88600,ACB
2012-11-20,2460,2480,2450,2480,55700,ACB
2012-11-21,2460,2480,2450,2460,68000,ACB
2012-11-22,2480,2480,2450,2450,79900,ACB
2012-11-23,2450,2460,2430,2450,92400,ACB
2012-11-26,2460,2480,2450,2460,93300,ACB
2012-11-27,2460,2480,2450,2450,57600,ACB
2012-11-28,2450,2460,2430,2460,75800,ACB
2012-11-29,2460,2480,2450,2450,37600,ACB
2012-11-30,2450,2460,2430,2430,85200,ACB
2012-12-03,2430,2450,2430,2430,85000,ACB
2012-12-04,2450,2450,2430,2450,79700,ACB
2012-12-05,2460,2500,2460,2500,158300,ACB
2012-12-06,2500,2500,2450,2460,106200,ACB
2012-12-07,2480,2480,2460,2480,41800,ACB
2012-12-10,2480,2510,2450,2500,176300,ACB
2012-12-11,2510,2510,2480,2510,84900,ACB
2012-12-12,2480,2600,2480,2600,236600,ACB
2012-12-13,2610,2750,2600,2680,666300,ACB
2012-12-14,2680,2850,2680,2810,1305300,ACB
2012-12-17,2680,2810,2680,2750,387800,ACB
2012-12-18,2750,2750,2660,2680,356300,ACB
2012-12-19,2680,2760,2680,2730,335800,ACB
2012-12-20,2760,2760,2680,2710,203800,ACB
2012-12-21,2700,2710,2660,2700,162600,ACB
2012-12-24,2700,2750,2680,2680,265600,ACB
2012-12-25,2700,2750,2680,2680,460300,ACB
2012-12-26,2730,2750,2700,2750,349400,ACB
2012-12-27,2750,2760,2710,2730,598100,ACB
2012-12-28,2730,2760,2700,2730,641500,ACB
2013-01-02,2730,2920,2730,2900,2578600,ACB
2013-01-03,2930,2980,2800,2850,1967200,ACB
2013-01-03,2930,2980,2800,2850,1967200,ACB
2013-01-04,2830,2880,2800,2860,1170100,ACB
2013-01-07,2850,2930,2850,2860,1355700,ACB
2013-01-08,2860,2930,2830,2860,2180000,ACB
2013-01-09,2860,3050,2860,3030,3861400,ACB
2013-01-10,3030,3070,2960,3050,880700,ACB
2013-01-11,3180,3180,3050,3050,806200,ACB
2013-01-14,3080,3080,2960,3020,614300,ACB
2013-01-15,3050,3070,2950,3050,1310500,ACB
2013-01-16,3050,3150,3030,3080,1346900,ACB
2013-01-17,3050,3080,3000,3000,1068300,ACB
2013-01-18,3000,3000,2920,2960,679700,ACB
2013-01-21,2980,2980,2920,2930,341900,ACB
2013-01-22,2930,2950,2810,2830,738000,ACB
2013-01-23,2830,2860,2760,2850,331100,ACB
2013-01-24,2880,2920,2830,2900,333700,ACB
2013-01-25,2930,3000,2930,2960,786500,ACB
2013-01-28,2960,3030,2930,2960,1135900,ACB
2013-01-29,2960,3030,2950,3000,572800,ACB
2013-01-30,3020,3020,2960,2960,823600,ACB
2013-01-31,2950,3000,2930,2960,860100,ACB
2013-02-01,2930,2960,2930,2960,583900,ACB
2013-02-04,2960,2960,2930,2950,387200,ACB
2013-02-05,2950,2950,2900,2920,602000,ACB
2013-02-06,2920,2980,2920,2950,542700,ACB
2013-02-07,2960,3000,2930,2950,457800,ACB
2013-02-08,2960,3000,2950,2980,388500,ACB
2013-02-18,2980,3020,2950,2980,469400,ACB
2013-02-19,2980,2980,2930,2950,440200,ACB
2013-02-20,2920,2930,2850,2920,794100,ACB
2013-02-21,2920,2920,2750,2760,1450600,ACB
2013-02-22,2760,2850,2750,2810,725900,ACB
2013-02-25,2810,2830,2780,2800,279200,ACB
2013-02-26,2810,2810,2730,2750,1170100,ACB
2013-02-27,2730,2780,2710,2760,579700,ACB
2013-02-28,2780,2810,2760,2760,120800,ACB
2013-03-01,2780,2800,2760,2780,183700,ACB
2013-03-04,2780,2780,2730,2750,493100,ACB
2013-03-05,2730,2760,2710,2730,308000,ACB
2013-03-06,2700,2760,2680,2750,126600,ACB
2013-03-07,2730,2760,2730,2730,238100,ACB
2013-03-08,2730,2760,2710,2760,173900,ACB
2013-03-11,2650,2780,2650,2760,240000,ACB
2013-03-12,2800,2930,2750,2780,110600,ACB
2013-03-13,2780,2780,2750,2760,173900,ACB
2013-03-14,2750,2780,2750,2760,135300,ACB
2013-03-15,2760,2780,2750,2760,78200,ACB
2013-03-18,2760,2780,2750,2750,295500,ACB
2013-03-19,2760,2780,2750,2750,66000,ACB
2013-03-20,2760,2780,2760,2780,111200,ACB
2013-03-21,2780,2780,2750,2760,188800,ACB
2013-03-22,2760,2780,2750,2760,464500,ACB
2013-03-25,2760,2760,2730,2760,154200,ACB
2013-03-26,2760,2780,2730,2750,63700,ACB
2013-03-27,2750,2760,2700,2750,268300,ACB
2013-03-28,2760,2760,2730,2730,232000,ACB
2013-03-29,2760,2760,2710,2730,188300,ACB
2013-04-01,2710,2750,2710,2750,235700,ACB
2013-04-02,2750,2760,2730,2730,259400,ACB
2013-04-03,2760,2760,2710,2730,103700,ACB
2013-04-04,2730,2730,2700,2700,264100,ACB
2013-04-05,2730,2730,2680,2700,328400,ACB
2013-04-08,2710,2710,2660,2680,412400,ACB
2013-04-09,2680,2700,2660,2680,93600,ACB
2013-04-10,2680,2700,2660,2660,157400,ACB
2013-04-11,2660,2850,2660,2780,933300,ACB
2013-04-12,2780,2850,2750,2760,253600,ACB
2013-04-15,2760,2760,2680,2710,347300,ACB
2013-04-16,2700,2710,2660,2700,392200,ACB
2013-04-17,2650,2680,2630,2660,320700,ACB
2013-04-18,2650,2660,2630,2650,447500,ACB
2013-04-22,2650,2680,2650,2650,302400,ACB
2013-04-23,2650,2680,2650,2660,127600,ACB
2013-04-24,2680,2680,2650,2680,59500,ACB
2013-04-25,2680,2700,2660,2680,71200,ACB
2013-04-26,2680,2710,2680,2700,164700,ACB
2013-05-02,2700,2700,2680,2700,181300,ACB
2013-05-03,2680,2700,2680,2680,158400,ACB
2013-05-06,2680,2710,2680,2700,389900,ACB
2013-05-07,2710,2730,2680,2710,367200,ACB
2013-05-08,2730,2730,2700,2710,329000,ACB
2013-05-09,2710,2750,2710,2730,324500,ACB
2013-05-10,2750,2750,2710,2730,181700,ACB
2013-05-13,2730,2750,2730,2730,164800,ACB
2013-05-14,2730,2750,2710,2710,438800,ACB
2013-05-15,2730,2750,2710,2730,217400,ACB
2013-05-16,2760,2800,2750,2780,207300,ACB
2013-05-17,2850,2850,2800,2810,212300,ACB
2013-05-20,2810,2810,2780,2800,339800,ACB
2013-05-21,2800,2830,2780,2800,229800,ACB
2013-05-22,2830,3020,2830,2920,1511400,ACB
2013-05-23,2920,2940,2870,2880,502700,ACB
2013-05-24,2900,2900,2870,2880,106700,ACB
2013-05-27,2880,2920,2870,2880,678900,ACB
2013-05-28,2880,2920,2870,2900,660500,ACB
2013-05-29,2920,2940,2880,2880,673900,ACB
2013-05-30,2880,2900,2870,2880,319200,ACB
2013-05-31,2900,2920,2870,2870,684300,ACB
2013-06-03,2900,2970,2880,2940,1074900,ACB
2013-06-04,2940,2950,2870,2880,521500,ACB
2013-06-05,2900,2900,2870,2900,299300,ACB
2013-06-06,2900,2900,2880,2900,489200,ACB
2013-06-07,2900,2940,2880,2920,597700,ACB
2013-06-10,2940,2940,2900,2920,402400,ACB
2013-06-11,2940,2940,2900,2920,399200,ACB
2013-06-12,2900,2920,2880,2880,283000,ACB
2013-06-13,2900,2900,2850,2850,281500,ACB
2013-06-14,2880,2880,2830,2850,354200,ACB
2013-06-17,2870,2870,2800,2810,433100,ACB
2013-06-18,2810,2830,2760,2810,422300,ACB
2013-06-19,2810,2850,2800,2850,286800,ACB
2013-06-20,2850,2850,2800,2830,505600,ACB
2013-06-21,2810,2830,2800,2830,7000,ACB
2013-06-24,2830,2850,2800,2830,578000,ACB
2013-06-25,2810,2830,2800,2810,1440600,ACB
2013-06-26,2810,2830,2800,2810,336600,ACB
2013-06-27,2800,2810,2780,2800,778000,ACB
2013-06-28,2800,2830,2800,2800,675700,ACB
2013-07-01,2800,2810,2800,2810,341800,ACB
2013-07-02,2800,2830,2800,2830,339900,ACB
2013-07-03,2810,2830,2800,2810,374100,ACB
2013-07-04,2800,2830,2800,2810,298600,ACB
2013-07-05,2810,2810,2800,2800,309500,ACB
2013-07-08,2800,2800,2760,2780,62200,ACB
2013-07-09,2780,2800,2760,2780,341200,ACB
2013-07-10,2780,2800,2760,2800,132200,ACB
2013-07-11,2780,2800,2760,2780,80300,ACB
2013-07-12,2780,2800,2760,2800,231400,ACB
2013-07-15,2800,2800,2780,2780,124200,ACB
2013-07-16,2780,2800,2780,2780,68100,ACB
2013-07-17,2800,2830,2780,2810,450900,ACB
2013-07-18,2800,2830,2800,2800,232100,ACB
2013-07-19,2800,2810,2800,2800,228500,ACB
2013-07-22,2810,2810,2800,2800,423700,ACB
2013-07-23,2810,2810,2800,2800,150900,ACB
2013-07-24,2800,2800,2800,2800,413100,ACB
2013-07-25,2780,2800,2760,2760,231700,ACB
2013-07-26,2780,2780,2740,2760,403600,ACB
2013-07-29,2760,2800,2760,2780,152682,ACB
2013-07-30,2780,2810,2780,2800,195753,ACB
2013-07-31,2760,2790,2750,2760,468415,ACB
2013-08-01,2760,2760,2720,2740,654000,ACB
2013-08-02,2760,2770,2740,2740,130684,ACB
2013-08-05,2740,2750,2470,2740,366503,ACB
2013-08-06,2740,2760,2730,2740,293456,ACB
2013-08-07,2740,2760,2730,2760,90113,ACB
2013-08-08,2740,2740,2720,2730,386989,ACB
2013-08-09,2660,2740,2650,2710,410733,ACB
2013-08-12,2710,2750,2700,2710,202059,ACB
2013-08-13,2690,2730,2690,2710,161424,ACB
2013-08-14,2710,2770,2730,2740,43973,ACB
2013-08-15,2730,2740,2710,2730,75688,ACB
2013-08-16,2730,2710,2690,2710,191415,ACB
2013-08-19,2730,2740,2700,2730,137777,ACB
2013-08-20,2740,2740,2720,2730,91341,ACB
2013-08-21,2740,2740,2720,2730,136103,ACB
2013-08-22,2730,2730,2690,2710,198081,ACB
2013-08-23,2730,2720,2440,2710,258299,ACB
2013-08-26,2690,2720,2680,2710,59674,ACB
2013-08-27,2710,2710,2710,2710,85470,ACB
2013-08-28,2690,2680,2620,2660,314841,ACB
2013-08-29,2670,2670,2640,2660,382496,ACB
2013-08-30,2660,2720,2680,2690,204806,ACB
2013-09-03,2640,2680,2650,2670,55063,ACB
2013-09-04,2670,2670,2640,2660,79730,ACB
2013-09-05,2670,2690,2670,2670,126600,ACB
2013-09-06,2690,2700,2680,2690,58281,ACB
2013-09-09,2710,2700,2670,2670,176700,ACB
2013-09-10,2670,2720,2630,2690,29000,ACB
2013-09-11,2690,2730,2710,2710,74798,ACB
2013-09-12,2710,2690,2660,2670,209898,ACB
2013-09-13,2690,2710,2690,2690,55773,ACB
2013-09-16,2690,2710,2690,2690,78466,ACB
2013-09-17,2690,2710,2690,2690,161070,ACB
2013-09-18,2690,2700,2680,2690,200256,ACB
2013-09-19,2690,2710,2690,2690,330829,ACB
2013-09-20,2690,2730,2710,2710,184365,ACB
2013-09-23,2690,2710,2690,2690,766055,ACB
2013-09-24,2690,2710,2690,2710,340846,ACB
2013-09-25,2710,2730,2710,2710,160131,ACB
2013-09-26,2710,2730,2710,2710,82632,ACB
2013-09-27,2710,2730,2690,2710,245255,ACB
2013-09-30,2710,2710,2700,2710,94178,ACB
2013-10-01,2730,2770,2720,2740,163710,ACB
2013-10-02,2740,2740,2720,2730,112846,ACB
2013-10-03,2730,2760,2730,2740,78753,ACB
2013-10-04,2710,2730,2710,2730,108368,ACB
2013-10-07,2730,2760,2730,2740,108737,ACB
2013-10-08,2710,2740,2700,2730,199278,ACB
2013-10-09,2730,2780,2750,2760,166482,ACB
2013-10-10,2740,2760,2730,2740,170308,ACB
2013-10-11,2740,2740,2730,2740,74508,ACB
2013-10-14,2760,2760,2740,2740,301744,ACB
2013-10-15,2730,2770,2740,2760,198445,ACB
2013-10-16,2760,2790,2730,2760,161429,ACB
2013-10-17,2740,2770,2740,2740,127347,ACB
2013-10-18,2730,2760,2740,2740,47854,ACB
2013-10-21,2740,2750,2740,2740,155857,ACB
2013-10-22,2740,2740,2710,2730,180108,ACB
2013-10-23,2730,2730,2710,2730,71794,ACB
2013-10-24,2730,2740,2710,2730,229426,ACB
2013-10-25,2730,2750,2710,2730,97476,ACB
2013-10-28,2730,2720,2700,2710,136404,ACB
2013-10-29,2710,2740,2720,2730,176107,ACB
2013-10-30,2710,2740,2710,2730,84217,ACB
2013-10-31,2710,2740,2720,2730,252293,ACB
2013-11-01,2710,2770,2730,2740,69931,ACB
2013-11-04,2730,2740,2710,2730,56332,ACB
2013-11-05,2710,2760,2730,2740,58264,ACB
2013-11-06,2730,2740,2720,2730,56986,ACB
2013-11-07,2730,2720,2680,2710,25539,ACB
2013-11-08,2710,2730,2710,2710,29826,ACB
2013-11-11,2710,2730,2690,2710,125034,ACB
2013-11-12,2730,2740,2700,2730,111137,ACB
2013-11-13,2730,2740,2710,2730,88736,ACB
2013-11-14,2740,2740,2720,2730,44718,ACB
2013-11-15,2730,2740,2730,2730,48492,ACB
2013-11-18,2740,2740,2720,2730,327663,ACB
2013-11-19,2730,2760,2740,2740,18553,ACB
2013-11-20,2730,2760,2740,2740,70621,ACB
2013-11-21,2740,2740,2730,2740,156399,ACB
2013-11-22,2740,2740,2730,2740,93432,ACB
2013-11-25,2730,2760,2740,2740,128577,ACB
2013-11-26,2740,2740,2730,2740,35428,ACB
2013-11-27,2740,2760,2730,2740,168966,ACB
2013-11-28,2740,2720,2680,2710,83793,ACB
2013-11-29,2730,2740,2720,2730,78444,ACB
2013-12-02,2730,2740,2710,2730,68027,ACB
2013-12-03,2740,2740,2720,2730,200479,ACB
2013-12-04,2730,2760,2730,2740,151610,ACB
2013-12-05,2740,2760,2740,2740,115937,ACB
2013-12-06,2730,2740,2720,2730,110214,ACB
2013-12-09,2730,2750,2710,2730,69801,ACB
2013-12-10,2710,2750,2700,2730,274763,ACB
2013-12-11,2710,2730,2700,2710,293230,ACB
2013-12-12,2710,2750,2710,2730,224490,ACB
2013-12-13,2730,2730,2700,2730,212700,ACB
2013-12-16,2730,2740,2700,2730,153519,ACB
2013-12-17,2710,2730,2700,2730,255294,ACB
2013-12-18,2730,2740,2700,2730,193040,ACB
2013-12-19,2730,2750,2730,2740,160367,ACB
2013-12-20,2730,2740,2720,2730,25834,ACB
2013-12-23,2730,2750,2740,2740,118135,ACB
2013-12-24,2740,2750,2730,2740,57644,ACB
2013-12-25,2740,2740,2730,2730,44447,ACB
2013-12-26,2730,2740,2720,2730,100900,ACB
2013-12-27,2730,2760,2740,2740,152742,ACB
2013-12-30,2740,2760,2740,2740,342032,ACB
2013-12-31,2730,2740,2720,2730,165530,ACB
2014-01-02,2740,2750,2730,2740,146982,ACB
2014-01-02,2740,2750,2730,2740,146982,ACB
2014-01-03,2740,2780,2740,2760,98656,ACB
2014-01-06,2730,2760,2730,2740,190009,ACB
2014-01-07,2760,2810,2740,2780,152905,ACB
2014-01-08,2780,2780,2740,2760,58852,ACB
2014-01-09,2740,2790,2760,2780,72432,ACB
2014-01-10,2780,2840,2770,2800,160305,ACB
2014-01-13,2780,2800,2760,2780,27243,ACB
2014-01-14,2780,2850,2780,2830,198230,ACB
2014-01-15,2760,2840,2760,2830,140117,ACB
2014-01-16,2830,2830,2780,2810,102763,ACB
2014-01-17,2810,2930,2830,2880,339893,ACB
2014-01-20,2880,2880,2830,2870,258622,ACB
2014-01-21,2850,2840,2790,2810,144669,ACB
2014-01-22,2810,2820,2800,2810,173860,ACB
2014-01-23,2830,2830,2800,2810,45473,ACB
2014-01-24,2810,2850,2820,2830,79711,ACB
2014-01-27,2830,2830,2810,2830,61108,ACB
2014-02-06,2830,2840,2820,2830,39130,ACB
2014-02-07,2830,2860,2820,2830,80742,ACB
2014-02-10,2830,2850,2810,2830,551546,ACB
2014-02-11,2830,2870,2830,2850,472956,ACB
2014-02-12,2830,2880,2830,2870,149504,ACB
2014-02-13,2880,2920,2850,2880,159044,ACB
2014-02-14,2880,2900,2870,2880,178059,ACB
2014-02-17,2870,2860,2790,2810,533459,ACB
2014-02-18,2810,2840,2800,2810,576724,ACB
2014-02-19,2810,2840,2810,2810,443485,ACB
2014-02-20,2810,2820,2770,2800,292230,ACB
2014-02-21,2810,2820,2800,2810,138041,ACB
2014-02-24,2800,2820,2800,2810,141679,ACB
2014-02-25,2810,2830,2790,2810,237673,ACB
2014-02-26,2800,2870,2820,2850,653738,ACB
2014-02-27,2850,3140,2840,3020,1517007,ACB
2014-02-28,3020,3050,2930,2990,377052,ACB
2014-03-03,2990,2970,2900,2920,305876,ACB
2014-03-04,2880,2930,2860,2900,269216,ACB
2014-03-05,2900,2930,2880,2900,209310,ACB
2014-03-06,3090,3100,2870,2900,481079,ACB
2014-03-07,2900,2920,2880,2900,214785,ACB
2014-03-10,2880,2900,2870,2880,213819,ACB
2014-03-11,2880,2900,2860,2880,322067,ACB
2014-03-12,2880,2890,2850,2870,212082,ACB
2014-03-13,2870,2900,2880,2880,310883,ACB
2014-03-14,2880,2900,2880,2880,494631,ACB
2014-03-17,2880,2920,2890,2900,728589,ACB
2014-03-18,2900,3050,2940,2990,652345,ACB
2014-03-19,3000,3110,2990,3060,612020,ACB
2014-03-20,3000,3070,3020,3040,452237,ACB
2014-03-21,3000,3050,3000,3020,405430,ACB
2014-03-24,3040,3070,3000,3060,565578,ACB
2014-03-25,3060,3060,3000,3020,502703,ACB
2014-03-26,3020,3000,2950,2970,583854,ACB
2014-03-27,2920,2990,2920,2970,296773,ACB
2014-03-28,2990,3010,2980,2990,115058,ACB
2014-03-31,2990,3000,2980,2990,199778,ACB
2014-04-01,2970,2970,2940,2950,521973,ACB
2014-04-02,2940,2950,2920,2940,340174,ACB
2014-04-03,2950,3060,2980,3000,261047,ACB
2014-04-04,2970,3010,2980,2990,151083,ACB
2014-04-07,2920,3010,2920,2950,47730,ACB
2014-04-08,2970,2970,2930,2940,51025,ACB
2014-04-10,2940,2980,2940,2950,67181,ACB
2014-04-11,2950,2970,2940,2950,435510,ACB
2014-04-14,2970,3010,2950,2990,225754,ACB
2014-04-15,2990,2940,2870,2920,310269,ACB
2014-04-16,2920,2970,2900,2940,351254,ACB
2014-04-17,2940,2920,2880,2920,222188,ACB
2014-04-18,2920,2940,2900,2920,493684,ACB
2014-04-21,2900,2920,2880,2900,105128,ACB
2014-04-22,2900,2940,2920,2920,126533,ACB
2014-04-23,2880,2900,2870,2880,70037,ACB
2014-04-24,2880,2850,2800,2830,124474,ACB
2014-04-25,2830,2910,2830,2880,124699,ACB
2014-04-28,2900,2900,2860,2870,94101,ACB
2014-04-29,2880,2880,2860,2870,44670,ACB
2014-05-05,2870,2890,2860,2870,246411,ACB
2014-05-06,2870,2880,2830,2850,231759,ACB
2014-05-07,2870,2870,2820,2870,101720,ACB
2014-05-08,2850,2860,2700,2760,198453,ACB
2014-05-09,2760,2840,2760,2810,252229,ACB
2014-05-12,2760,2750,2700,2730,160743,ACB
2014-05-13,2740,2780,2740,2740,118603,ACB
2014-05-14,2760,2880,2780,2800,108281,ACB
2014-05-15,2780,2840,2790,2820,81150,ACB
2014-05-16,2840,2840,2800,2820,152398,ACB
2014-05-19,2800,2870,2810,2820,55680,ACB
2014-05-20,2820,2850,2800,2820,11744,ACB
2014-05-21,2840,2910,2840,2870,133886,ACB
2014-05-22,2870,2890,2840,2850,73670,ACB
2014-05-23,2800,2850,2800,2840,14386,ACB
2014-05-26,2820,2850,2830,2840,8700,ACB
2014-05-27,2820,2910,2850,2870,48647,ACB
2014-05-28,2870,2910,2850,2890,44261,ACB
2014-05-29,2850,2900,2860,2870,36748,ACB
2014-05-30,2850,2900,2850,2870,156903,ACB
2014-06-02,2850,2860,2820,2840,36489,ACB
2014-06-03,2850,2870,2760,2800,89839,ACB
2014-06-04,2800,2860,2800,2840,42853,ACB
2014-06-05,2840,2840,2810,2840,50359,ACB
2014-06-06,2840,2870,2850,2850,78759,ACB
2014-06-09,2870,2860,2830,2850,64344,ACB
2014-06-10,2840,2860,2790,2840,33196,ACB
2014-06-11,2820,2900,2850,2870,65325,ACB
2014-06-12,2850,2870,2830,2850,151141,ACB
2014-06-13,2820,2850,2820,2840,56672,ACB
2014-06-16,2840,2840,2820,2840,50058,ACB
2014-06-17,2820,2850,2840,2840,86312,ACB
2014-06-18,2820,2820,2800,2820,139572,ACB
2014-06-19,2820,2850,2820,2840,259600,ACB
2014-06-20,2820,2860,2820,2840,98001,ACB
2014-06-23,2840,2820,2810,2820,164454,ACB
2014-06-24,2820,2820,2810,2820,186410,ACB
2014-06-25,2820,2890,2850,2850,90182,ACB
2014-06-26,2840,2820,2800,2820,250920,ACB
2014-06-27,2820,2850,2840,2840,47870,ACB
2014-06-30,2820,2840,2810,2820,272267,ACB
2014-07-01,2840,2850,2830,2840,203292,ACB
2014-07-02,2840,2850,2830,2840,114809,ACB
2014-07-03,2840,2870,2840,2850,309194,ACB
2014-07-04,2850,2850,2840,2840,117744,ACB
2014-07-07,2850,2860,2800,2840,176864,ACB
2014-07-08,2840,2860,2820,2840,203651,ACB
2014-07-09,2840,2850,2820,2840,62959,ACB
2014-07-10,2840,2820,2800,2820,99422,ACB
2014-07-11,2820,2840,2800,2820,69344,ACB
2014-07-14,2840,2840,2820,2820,153409,ACB
2014-07-15,2820,2850,2830,2840,70911,ACB
2014-07-16,2840,2840,2820,2840,121013,ACB
2014-07-17,2840,2850,2830,2840,9745,ACB
2014-07-18,2840,2840,2820,2840,105955,ACB
2014-07-21,2840,2830,2810,2820,59866,ACB
2014-07-22,2820,2840,2800,2820,221300,ACB
2014-07-23,2820,2840,2820,2820,46739,ACB
2014-07-24,2820,2840,2820,2820,57626,ACB
2014-07-25,2820,2810,2770,2800,103276,ACB
2014-07-28,2820,2820,2780,2800,110575,ACB
2014-07-29,2820,2830,2810,2820,94417,ACB
2014-07-30,2820,2830,2810,2820,9200,ACB
2014-07-31,2800,2830,2820,2820,110496,ACB
2014-08-01,2840,2840,2800,2820,31342,ACB
2014-08-04,2800,2840,2820,2820,57942,ACB
2014-08-05,2820,2820,2800,2820,57440,ACB
2014-08-06,2800,2830,2810,2820,16289,ACB
2014-08-07,2820,2820,2800,2820,23813,ACB
2014-08-08,2800,2840,2820,2820,196920,ACB
2014-08-11,2820,2820,2800,2800,18760,ACB
2014-08-12,2800,2850,2790,2800,87590,ACB
2014-08-13,2780,2820,2780,2800,191267,ACB
2014-08-14,2800,2780,2770,2780,196466,ACB
2014-08-15,2800,2820,2800,2800,101634,ACB
2014-08-18,2780,2820,2780,2820,82396,ACB
2014-08-19,2800,2810,2770,2800,4699,ACB
2014-08-20,2800,2820,2800,2800,68812,ACB
2014-08-21,2800,2810,2790,2800,89719,ACB
2014-08-22,2800,2820,2780,2800,19040,ACB
2014-08-25,2800,2830,2790,2820,136857,ACB
2014-08-26,2820,2830,2820,2820,142374,ACB
2014-08-27,2820,2800,2780,2800,108998,ACB
2014-08-28,2800,2820,2800,2800,44649,ACB
2014-08-29,2800,2850,2810,2840,110337,ACB
2014-09-03,2840,2840,2800,2820,96011,ACB
2014-09-04,2820,2830,2800,2820,67273,ACB
2014-09-05,2840,2840,2800,2820,101597,ACB
2014-09-08,2820,2820,2770,2800,249330,ACB
2014-09-09,2800,2780,2760,2780,266103,ACB
2014-09-10,2780,2820,2780,2800,88860,ACB
2014-09-11,2800,2820,2780,2800,69739,ACB
2014-09-12,2820,2800,2770,2780,110947,ACB
2014-09-15,2800,2780,2760,2780,97427,ACB
2014-09-16,2800,2800,2780,2800,106825,ACB
2014-09-17,2800,2840,2790,2820,295941,ACB
2014-09-18,2820,2820,2760,2780,83962,ACB
2014-09-19,2780,2800,2780,2780,605822,ACB
2014-09-22,2800,2800,2760,2780,673629,ACB
2014-09-23,2780,2800,2760,2780,155655,ACB
2014-09-24,2780,2780,2760,2780,237318,ACB
2014-09-25,2780,2800,2760,2780,374033,ACB
2014-09-26,2800,2800,2780,2780,193181,ACB
2014-09-29,2780,2800,2760,2780,293109,ACB
2014-09-30,2780,2800,2760,2780,79932,ACB
2014-10-01,2780,2780,2760,2780,341868,ACB
2014-10-02,2780,2800,2760,2780,235725,ACB
2014-10-03,2780,2780,2760,2760,317254,ACB
2014-10-06,2780,2780,2760,2760,495107,ACB
2014-10-07,2740,2770,2750,2760,110487,ACB
2014-10-08,2760,2760,2740,2760,188392,ACB
2014-10-09,2780,2780,2750,2760,170800,ACB
2014-10-10,2760,2780,2740,2760,776490,ACB
2014-10-13,2740,2780,2730,2760,312707,ACB
2014-10-14,2740,2780,2740,2760,231600,ACB
2014-10-15,2760,2760,2740,2760,419645,ACB
2014-10-16,2740,2800,2740,2760,353992,ACB
2014-10-17,2740,2810,2770,2780,210289,ACB
2014-10-20,2780,2780,2760,2760,108468,ACB
2014-10-21,2740,2770,2730,2760,289064,ACB
2014-10-22,2760,2780,2760,2760,31795,ACB
2014-10-23,2780,2820,2780,2780,161552,ACB
2014-10-24,2760,2780,2760,2760,52162,ACB
2014-10-27,2760,2780,2750,2760,217065,ACB
2014-10-28,2710,2770,2720,2760,251163,ACB
2014-10-29,2740,2780,2740,2780,106491,ACB
2014-10-30,2780,2820,2790,2800,62070,ACB
2014-10-31,2760,2820,2790,2800,24038,ACB
2014-11-03,2800,2810,2790,2800,100354,ACB
2014-11-04,2780,2820,2780,2800,46793,ACB
2014-11-05,2780,2770,2730,2760,211312,ACB
2014-11-06,2780,2880,2810,2850,607153,ACB
2014-11-07,2870,2880,2840,2850,108912,ACB
2014-11-10,2850,2830,2780,2820,23052,ACB
2014-11-11,2820,2920,2810,2870,137791,ACB
2014-11-12,2870,3010,2820,2930,341874,ACB
2014-11-13,2930,2950,2890,2930,142342,ACB
2014-11-14,2890,2880,2850,2870,64189,ACB
2014-11-17,2870,2890,2860,2890,377610,ACB
2014-11-18,2890,2890,2840,2870,145431,ACB
2014-11-19,2870,2870,2830,2850,143255,ACB
2014-11-20,2870,2870,2830,2850,33683,ACB
2014-11-21,2870,2850,2800,2820,22641,ACB
2014-11-24,2820,2810,2790,2800,175773,ACB
2014-11-25,2840,2850,2800,2820,128283,ACB
2014-11-26,2840,2820,2760,2780,68795,ACB
2014-11-27,2820,2850,2820,2820,23569,ACB
2014-11-28,2840,2820,2770,2780,108071,ACB
2014-12-01,2820,2810,2780,2780,245301,ACB
2014-12-02,2760,2770,2750,2760,78471,ACB
2014-12-03,2800,2850,2780,2780,171643,ACB
2014-12-04,2780,2940,2810,2850,202567,ACB
2014-12-05,2850,2880,2820,2850,212038,ACB
2014-12-08,2850,2880,2830,2850,60200,ACB
2014-12-09,2840,2820,2770,2800,119810,ACB
2014-12-10,2800,2830,2820,2820,129215,ACB
2014-12-11,2800,2870,2810,2840,65131,ACB
2014-12-12,2840,2850,2840,2840,50253,ACB
2014-12-15,2840,2850,2840,2840,108333,ACB
2014-12-16,2800,2820,2790,2820,397979,ACB
2014-12-17,2800,2820,2760,2800,275334,ACB
2014-12-18,2800,2840,2820,2820,63994,ACB
2014-12-19,2820,2840,2810,2820,140100,ACB
2014-12-22,2820,2800,2780,2800,43600,ACB
2014-12-23,2800,2850,2820,2840,92526,ACB
2014-12-24,2840,2860,2820,2840,181309,ACB
2014-12-25,2840,2830,2820,2820,68821,ACB
2014-12-26,2800,2840,2820,2820,47517,ACB
2014-12-29,2820,2810,2790,2800,105923,ACB
2014-12-30,2800,2830,2770,2800,178030,ACB
2014-12-31,2800,2830,2820,2820,39354,ACB
2015-01-05,2820,2800,2760,2800,55888,ACB
2015-01-06,2780,2850,2770,2840,89802,ACB
2015-01-07,2840,2910,2820,2870,232861,ACB
2015-01-07,2840,2910,2820,2870,232861,ACB
2015-01-08,2870,2910,2870,2890,14880,ACB
2015-01-09,2890,2970,2840,2910,693623,ACB
2015-01-12,2930,3000,2910,2950,368334,ACB
2015-01-13,2950,3070,2960,3020,416006,ACB
2015-01-14,3020,3020,2940,2960,300420,ACB
2015-01-15,2950,2940,2890,2910,244964,ACB
2015-01-16,2930,2940,2860,2910,374204,ACB
2015-01-19,2950,2980,2940,2950,230317,ACB
2015-01-20,2930,2960,2910,2930,75172,ACB
2015-01-21,2930,2940,2880,2910,205371,ACB
2015-01-22,2910,3030,2940,2980,300965,ACB
2015-01-23,2960,3200,3020,3130,1441874,ACB
2015-01-26,3130,3160,3130,3150,307006,ACB
2015-01-27,3160,3190,3030,3150,315651,ACB
2015-01-28,3130,3430,3180,3290,959871,ACB
2015-01-29,3290,3280,3200,3240,429009,ACB
2015-01-30,3220,3210,3080,3150,478259,ACB
2015-02-02,3130,3130,3040,3070,265344,ACB
2015-02-03,3070,3000,2820,2910,827865,ACB
2015-02-04,2890,2990,2900,2950,270500,ACB
2015-02-05,2950,2980,2920,2950,74461,ACB
2015-02-06,2950,3050,2770,3000,245283,ACB
2015-02-09,3000,3010,2920,2950,72974,ACB
2015-02-10,2930,2990,2920,2960,105679,ACB
2015-02-11,2960,3020,2970,3000,90914,ACB
2015-02-12,3000,3030,2990,3000,87911,ACB
2015-02-13,3020,3120,3010,3070,650359,ACB
2015-02-24,3090,3160,3090,3130,140871,ACB
2015-02-25,3150,3200,3090,3160,672279,ACB
2015-02-26,3160,3200,3120,3160,112327,ACB
2015-02-27,3180,3160,3090,3110,64375,ACB
2015-03-02,3150,3150,3090,3110,100838,ACB
2015-03-03,3150,3130,3080,3090,603931,ACB
2015-03-04,3110,3110,3070,3090,412425,ACB
2015-03-05,3090,3100,3070,3070,159152,ACB
2015-03-06,3070,3140,3070,3110,322073,ACB
2015-03-09,3110,3120,3070,3090,159821,ACB
2015-03-10,3090,3140,3100,3110,96698,ACB
2015-03-11,3110,3160,3110,3130,561767,ACB
2015-03-12,3090,3130,3040,3110,47908,ACB
2015-03-13,3110,3110,3070,3090,162894,ACB
2015-03-16,3110,3110,3070,3090,340462,ACB
2015-03-17,3090,3110,3090,3090,118588,ACB
2015-03-18,2800,3100,2790,3090,259352,ACB
2015-03-19,3110,3290,3080,3090,129073,ACB
2015-03-20,3090,3150,3110,3130,116347,ACB
2015-03-23,3110,3100,3090,3090,57431,ACB
2015-03-24,3090,3100,3060,3070,222685,ACB
2015-03-25,3070,3130,3100,3110,122734,ACB
2015-03-26,3110,3130,3100,3110,165791,ACB
2015-03-27,3110,3080,3040,3070,150742,ACB
2015-03-30,3060,3090,3050,3070,187169,ACB
2015-03-31,3070,3080,3040,3060,57640,ACB
2015-04-01,3060,3050,2990,3020,252663,ACB
2015-04-02,3020,3090,3030,3040,159003,ACB
2015-04-03,3040,3110,3050,3070,51215,ACB
2015-04-06,3070,3090,3070,3070,4952,ACB
2015-04-07,3070,3070,3030,3060,46793,ACB
2015-04-08,3040,3050,3030,3040,60778,ACB
2015-04-09,3040,3030,2990,3020,153488,ACB
2015-04-10,3020,3060,3020,3040,26605,ACB
2015-04-13,3060,3050,3040,3040,36940,ACB
2015-04-14,3020,3050,3020,3040,57719,ACB
2015-04-15,3020,3030,3000,3020,42101,ACB
2015-04-16,3020,3040,2990,3020,82523,ACB
2015-04-17,3020,3060,3020,3040,36935,ACB
2015-04-20,3020,3040,3010,3020,44975,ACB
2015-04-21,3020,3000,2970,2980,52353,ACB
2015-04-22,2980,3040,2990,3020,105481,ACB
2015-04-23,3020,3040,2990,3020,39006,ACB
2015-04-24,3000,3010,2960,2980,30752,ACB
2015-04-27,3060,3100,3060,3070,172955,ACB
2015-05-04,3090,3050,2960,3000,16816,ACB
2015-05-05,2980,3100,3000,3040,48513,ACB
2015-05-06,3040,3090,3020,3040,144990,ACB
2015-05-07,3020,3060,3010,3040,121436,ACB
2015-05-08,3060,3040,3000,3020,171291,ACB
2015-05-11,3040,3070,3030,3040,134947,ACB
2015-05-12,3020,3060,3000,3040,59695,ACB
2015-05-13,3020,3050,2980,3020,327269,ACB
2015-05-14,3000,3080,3010,3060,98453,ACB
2015-05-15,3090,3110,3050,3070,68959,ACB
2015-05-18,3070,3070,3020,3040,222564,ACB
2015-05-19,3070,3100,3040,3060,37354,ACB
2015-05-20,3040,3120,3030,3070,96071,ACB
2015-05-21,3110,3150,3090,3110,46433,ACB
2015-05-22,3110,3100,3040,3070,139779,ACB
2015-05-25,3130,3200,3150,3170,401035,ACB
2015-05-26,3170,3400,3200,3340,1612511,ACB
2015-05-27,3340,3520,3340,3440,833767,ACB
2015-05-28,3440,3790,3430,3650,1585442,ACB
2015-05-29,3630,3730,3630,3680,805676,ACB
2015-06-01,3630,3990,3680,3840,1006223,ACB
2015-06-02,3840,3800,3640,3720,1219764,ACB
2015-06-03,3720,3820,3740,3760,765768,ACB
2015-06-04,3760,4070,3760,3920,1126592,ACB
2015-06-05,3920,4230,4000,4120,1201275,ACB
2015-06-08,4120,4250,4010,4180,1163634,ACB
2015-06-09,4220,4290,4059,4180,1081395,ACB
2015-06-10,4120,4270,4110,4180,977147,ACB
2015-06-11,4160,4220,4019,4110,807912,ACB
2015-06-12,4120,4160,4000,4070,615109,ACB
2015-06-15,4070,4210,4100,4160,978956,ACB
2015-06-16,4200,4160,3960,4090,859613,ACB
2015-06-17,4050,4110,3990,4050,454521,ACB
2015-06-18,4050,4160,4030,4110,622294,ACB
2015-06-19,4120,4200,4110,4140,385535,ACB
2015-06-22,4110,4240,4100,4180,834327,ACB
2015-06-23,4180,4210,4140,4160,727502,ACB
2015-06-24,4200,4150,4040,4090,643475,ACB
2015-06-25,4390,4510,4110,4120,595957,ACB
2015-06-26,4110,4070,3920,4010,1009225,ACB
2015-06-29,3990,4019,3930,3970,858135,ACB
2015-06-30,3970,4010,3830,3920,915176,ACB
2015-07-01,3930,3990,3920,3950,508272,ACB
2015-07-02,3860,4250,3920,4140,1349683,ACB
2015-07-03,4160,4320,4150,4260,1760897,ACB
2015-07-06,4300,4550,4350,4470,2519437,ACB
2015-07-07,4470,4640,4380,4510,1754487,ACB
2015-07-08,4430,4510,4260,4370,1447415,ACB
2015-07-09,4320,4380,4280,4340,1152099,ACB
2015-07-10,4340,4380,4270,4340,682325,ACB
2015-07-13,4340,4400,4300,4350,609490,ACB
2015-07-14,4370,4480,4350,4430,2298523,ACB
2015-07-15,4470,4420,4270,4320,1158668,ACB
2015-07-16,4300,4340,4250,4300,744800,ACB
2015-07-17,4280,4240,4150,4200,743928,ACB
2015-07-20,4180,4240,4110,4160,1189236,ACB
2015-07-21,4110,4110,3960,4050,674566,ACB
2015-07-22,4450,4620,4160,4300,525766,ACB
2015-07-23,4340,4270,4100,4160,892399,ACB
2015-07-24,4160,4260,4140,4180,241877,ACB
2015-07-27,4260,4250,4180,4200,537838,ACB
2015-07-28,4300,4590,4100,4180,595210,ACB
2015-07-29,4140,4170,4120,4140,334121,ACB
2015-07-30,4120,4190,4090,4140,338803,ACB
2015-07-31,4160,4140,4110,4120,342128,ACB
2015-08-03,4120,4080,3870,3970,745685,ACB
2015-08-04,4010,3980,3910,3930,435108,ACB
2015-08-05,3930,4010,3950,3990,288442,ACB
2015-08-06,4010,3980,3890,3920,197343,ACB
2015-08-07,3920,3960,3880,3920,220667,ACB
2015-08-10,3920,4160,3980,4050,287468,ACB
2015-08-11,4070,4070,3940,3990,309493,ACB
2015-08-12,3990,4019,3870,3920,491840,ACB
2015-08-13,3900,3890,3790,3840,552126,ACB
2015-08-14,3840,3820,3740,3780,772335,ACB
2015-08-17,3780,3680,3460,3570,1125772,ACB
2015-08-18,3550,3710,3540,3630,521619,ACB
2015-08-19,3630,3740,3590,3670,362735,ACB
2015-08-20,3700,3650,3560,3610,182245,ACB
2015-08-21,3590,3670,3560,3610,851858,ACB
2015-08-24,3700,3780,3120,3260,1663746,ACB
2015-08-25,3280,3490,3220,3400,729322,ACB
2015-08-26,3440,3590,3450,3510,565316,ACB
2015-08-27,3530,3640,3500,3550,267961,ACB
2015-08-28,3550,3620,3560,3590,559810,ACB
2015-08-31,3590,3550,3440,3490,186590,ACB
2015-09-01,3510,3510,3430,3480,219234,ACB
2015-09-03,3480,3510,3440,3460,131193,ACB
2015-09-04,3400,3450,3380,3420,129860,ACB
2015-09-07,3420,3490,3420,3460,140700,ACB
2015-09-08,3460,3710,3520,3630,301747,ACB
2015-09-09,3650,3760,3680,3720,702756,ACB
2015-09-10,3670,3720,3580,3670,259986,ACB
2015-09-11,3670,3650,3580,3630,161434,ACB
2015-09-14,3650,3700,3570,3610,119804,ACB
2015-09-15,3630,3640,3550,3570,153480,ACB
2015-09-16,3530,3610,3550,3570,95791,ACB
2015-09-17,3610,3680,3560,3650,647976,ACB
2015-09-18,3680,3730,3650,3680,290102,ACB
2015-09-21,3680,3700,3670,3680,139262,ACB
2015-09-22,3680,3710,3650,3670,302093,ACB
2015-09-23,3700,3730,3650,3680,207733,ACB
2015-09-24,3680,3870,3640,3720,989427,ACB
2015-09-25,3720,3800,3740,3760,322242,ACB
2015-09-28,3760,3750,3640,3680,265140,ACB
2015-09-29,3670,3760,3620,3700,299147,ACB
2015-09-30,3720,3730,3690,3700,123594,ACB
2015-10-01,3680,3720,3340,3700,227369,ACB
2015-10-02,3700,3740,3720,3720,158695,ACB
2015-10-05,3720,3760,3700,3740,220204,ACB
2015-10-06,3760,3920,3780,3860,895315,ACB
2015-10-07,3900,3860,3760,3800,188078,ACB
2015-10-08,3780,3930,3760,3860,541780,ACB
2015-10-09,3920,3960,3900,3930,557772,ACB
2015-10-12,3950,4019,3940,3990,479803,ACB
2015-10-13,3950,3980,3940,3970,230664,ACB
2015-10-14,3950,4000,3940,3970,296896,ACB
2015-10-15,3930,4000,3930,3970,371189,ACB
2015-10-16,3990,3980,3920,3950,431631,ACB
2015-10-19,3880,3990,3880,3950,178784,ACB
2015-10-20,3950,3970,3890,3930,149907,ACB
2015-10-21,3930,3940,3890,3920,282119,ACB
2015-10-22,3900,3990,3920,3970,176203,ACB
2015-10-23,3970,3990,3950,3970,175412,ACB
2015-10-26,3970,4019,3980,3990,246978,ACB
2015-10-27,3950,4019,3960,3990,72424,ACB
2015-10-28,3930,3950,3910,3930,78194,ACB
2015-10-29,3950,3990,3950,3970,204951,ACB
2015-10-30,3950,4000,3940,3970,167701,ACB
2015-11-02,3970,3980,3900,3930,49251,ACB
2015-11-03,3900,3960,3900,3930,126751,ACB
2015-11-04,3950,3910,3850,3900,114262,ACB
2015-11-05,3900,3930,3890,3920,130706,ACB
2015-11-06,3930,3990,3890,3930,60404,ACB
2015-11-09,3950,3940,3880,3900,62807,ACB
2015-11-10,4110,4040,3800,3860,59686,ACB
2015-11-11,3880,3810,3730,3800,63351,ACB
2015-11-12,3820,3920,3840,3880,192162,ACB
2015-11-13,3880,3950,3890,3920,89348,ACB
2015-11-16,3840,3890,3810,3860,182808,ACB
2015-11-17,3820,3860,3810,3840,104666,ACB
2015-11-18,3840,3880,3850,3860,106123,ACB
2015-11-19,3840,3870,3830,3840,149493,ACB
2015-11-20,3840,3830,3810,3820,52888,ACB
2015-11-23,3820,3820,3780,3800,137973,ACB
2015-11-24,3440,3830,3430,3740,104586,ACB
2015-11-25,3700,3800,3690,3740,87977,ACB
2015-11-26,3720,3780,3720,3740,125075,ACB
2015-11-27,3760,3740,3660,3700,159463,ACB
2015-11-30,3760,3800,3660,3700,65564,ACB
2015-12-01,3720,3750,3680,3700,70757,ACB
2015-12-02,3720,3740,3700,3720,175800,ACB
2015-12-03,3700,3730,3690,3700,120400,ACB
2015-12-04,3700,3730,3670,3700,93512,ACB
2015-12-07,3700,3720,3700,3700,106274,ACB
2015-12-08,3700,3780,3700,3740,198616,ACB
2015-12-09,3700,3760,3720,3740,19516,ACB
2015-12-10,3720,3710,3660,3680,53969,ACB
2015-12-11,3720,3740,3690,3700,42621,ACB
2015-12-14,3670,3720,3650,3700,10348,ACB
2015-12-15,3700,3690,3670,3680,185385,ACB
2015-12-16,3700,3720,3630,3680,231288,ACB
2015-12-17,3680,3740,3710,3720,65682,ACB
2015-12-18,3720,3710,3650,3670,61210,ACB
2015-12-21,3630,3710,3620,3700,64500,ACB
2015-12-22,3700,3690,3670,3680,3990,ACB
2015-12-23,3670,3700,3640,3670,99719,ACB
2015-12-24,3650,3680,3650,3670,46337,ACB
2015-12-25,3650,3680,3640,3670,42647,ACB
2015-12-28,3670,3720,3660,3680,31329,ACB
2015-12-29,3670,3740,3640,3700,66664,ACB
2015-12-30,3700,3770,3710,3720,23229,ACB
2015-12-31,3720,3820,3770,3780,49268,ACB
2016-01-04,3780,3770,3740,3760,36439,ACB
2016-01-05,3740,3750,3700,3700,47676,ACB
2016-01-06,3700,3740,3700,3720,40589,ACB
2016-01-07,3680,3680,3610,3650,94027,ACB
2016-01-07,3680,3680,3610,3650,94027,ACB
2016-01-08,3630,3660,3640,3650,84809,ACB
2016-01-11,3630,3650,3610,3630,37405,ACB
2016-01-12,3630,3680,3620,3630,48154,ACB
2016-01-13,3680,3680,3620,3630,81357,ACB
2016-01-14,3670,3660,3610,3630,315858,ACB
2016-01-15,3630,3680,3640,3650,260588,ACB
2016-01-18,3530,3600,3520,3550,325887,ACB
2016-01-19,3590,3620,3590,3610,71934,ACB
2016-01-20,3610,3620,3590,3610,195341,ACB
2016-01-21,3610,3640,3560,3610,91172,ACB
2016-01-22,3570,3570,3520,3550,29413,ACB
2016-01-25,3570,3710,3590,3650,143015,ACB
2016-01-26,3650,3690,3610,3630,43819,ACB
2016-01-27,3650,3650,3600,3630,154443,ACB
2016-01-28,3990,3940,3530,3630,29261,ACB
2016-01-29,3610,3650,3610,3630,85979,ACB
2016-02-01,3610,3650,3600,3610,158690,ACB
2016-02-02,3590,3650,3590,3630,113430,ACB
2016-02-03,3630,3640,3620,3630,80000,ACB
2016-02-04,3630,3630,3610,3630,120031,ACB
2016-02-05,3610,3690,3610,3650,59764,ACB
2016-02-15,3630,3670,3590,3630,25161,ACB
2016-02-16,3630,3760,3660,3700,114193,ACB
2016-02-17,3700,3720,3640,3670,141492,ACB
2016-02-18,3650,3720,3640,3670,65316,ACB
2016-02-19,3700,3710,3650,3670,162020,ACB
2016-02-22,3630,3710,3620,3670,93741,ACB
2016-02-23,3680,3720,3660,3670,268334,ACB
2016-02-24,3480,3920,3530,3820,613706,ACB
2016-02-25,3950,4110,3750,3780,170309,ACB
2016-02-26,3780,3820,3780,3800,54693,ACB
2016-02-29,3800,3820,3740,3760,192525,ACB
2016-03-01,3760,3770,3740,3740,140511,ACB
2016-03-02,3740,3740,3700,3720,187244,ACB
2016-03-03,3740,3750,3700,3720,209795,ACB
2016-03-04,3700,3810,3730,3760,106154,ACB
2016-03-07,3720,3830,3770,3780,168692,ACB
2016-03-08,3760,3680,3550,3630,349888,ACB
2016-03-09,3700,3730,3670,3700,72850,ACB
2016-03-10,3680,3710,3670,3680,127860,ACB
2016-03-11,3670,3750,3700,3700,38679,ACB
2016-03-14,3670,3670,3610,3650,130070,ACB
2016-03-15,3740,3740,3650,3670,75369,ACB
2016-03-16,3680,3690,3650,3670,85539,ACB
2016-03-17,3680,3690,3640,3650,51939,ACB
2016-03-18,3630,3670,3630,3650,49217,ACB
2016-03-21,3610,3660,3450,3630,48938,ACB
2016-03-22,3590,3640,3580,3610,143433,ACB
2016-03-23,3590,3610,3560,3590,349539,ACB
2016-03-24,3610,3610,3570,3570,60102,ACB
2016-03-25,3630,3580,3510,3550,28280,ACB
2016-03-28,3590,3590,3540,3550,28313,ACB
2016-03-29,3530,3550,3530,3530,72908,ACB
2016-03-30,3570,3480,3280,3380,215414,ACB
2016-03-31,3510,3540,3460,3490,104162,ACB
2016-04-01,3530,3520,3440,3490,125723,ACB
2016-04-04,3530,3550,3450,3490,69304,ACB
2016-04-05,3480,3460,3430,3440,59056,ACB
2016-04-06,3440,3430,3400,3420,164962,ACB
2016-04-07,3440,3520,3470,3480,32738,ACB
2016-04-08,3490,3570,3520,3530,51607,ACB
2016-04-11,3510,3520,3500,3510,49001,ACB
2016-04-12,3510,3500,3480,3490,71515,ACB
2016-04-13,3490,3500,3440,3460,94770,ACB
2016-04-14,3440,3440,3360,3400,89740,ACB
2016-04-15,3490,3490,3400,3420,66580,ACB
2016-04-19,3480,3490,3400,3400,27773,ACB
2016-04-20,3440,3420,3360,3380,73200,ACB
2016-04-21,3380,3400,3360,3380,76583,ACB
2016-04-22,3340,3520,3390,3480,126434,ACB
2016-04-25,3440,3500,3430,3440,19229,ACB
2016-04-26,3440,3460,3420,3440,117712,ACB
2016-04-27,3460,3420,3370,3400,241006,ACB
2016-04-28,3440,3430,3370,3380,39419,ACB
2016-04-29,3380,3450,3390,3420,75474,ACB
2016-05-04,3380,3480,3400,3420,48056,ACB
2016-05-05,3380,3430,3370,3400,151701,ACB
2016-05-06,3420,3420,3390,3400,111028,ACB
2016-05-09,3400,3450,3390,3440,233846,ACB
2016-05-10,3460,3480,3400,3420,92709,ACB
2016-05-11,3420,3460,3400,3420,362991,ACB
2016-05-12,3440,3730,3510,3590,569423,ACB
2016-05-13,3590,3620,3510,3570,303678,ACB
2016-05-16,3550,3660,3580,3630,193462,ACB
2016-05-17,3630,3660,3580,3630,266987,ACB
2016-05-18,3610,3770,3560,3680,520514,ACB
2016-05-19,3680,3740,3670,3700,102855,ACB
2016-05-20,3630,3720,3620,3650,50349,ACB
2016-05-23,3610,3570,3490,3530,144346,ACB
2016-05-24,3530,3560,3520,3530,204898,ACB
2016-05-25,3530,3540,3490,3510,174731,ACB
2016-05-26,3530,3540,3470,3490,373996,ACB
2016-05-27,3490,3560,3520,3530,170308,ACB
2016-05-30,3550,3550,3510,3530,90100,ACB
2016-05-31,3590,3560,3480,3510,190183,ACB
2016-06-01,3570,3590,3530,3530,72389,ACB
2016-06-02,3510,3540,3500,3530,49600,ACB
2016-06-03,3530,3560,3500,3530,94742,ACB
2016-06-06,3530,3650,3550,3570,142834,ACB
2016-06-07,3570,3590,3570,3570,28025,ACB
2016-06-08,3570,3610,3550,3590,42707,ACB
2016-06-09,3590,3630,3590,3610,83647,ACB
2016-06-10,3590,3650,3600,3630,82355,ACB
2016-06-13,3610,3670,3600,3630,138648,ACB
2016-06-14,3630,3680,3630,3650,113252,ACB
2016-06-15,3650,3650,3630,3650,51430,ACB
2016-06-16,3650,3660,3620,3650,135735,ACB
2016-06-17,3630,3660,3640,3650,118867,ACB
2016-06-20,3630,3700,3670,3670,49716,ACB
2016-06-21,3650,3690,3650,3670,130676,ACB
2016-06-22,3630,3690,3650,3670,108886,ACB
2016-06-23,3630,3700,3660,3670,62511,ACB
2016-06-24,3630,3740,3510,3670,153703,ACB
2016-06-27,3510,3700,3560,3650,102503,ACB
2016-06-28,3550,3700,3630,3630,18644,ACB
2016-06-29,3570,3660,3600,3630,65672,ACB
2016-06-30,3630,3640,3600,3630,20698,ACB
2016-07-01,3570,3690,3610,3630,160733,ACB
2016-07-04,3570,3570,3510,3530,289840,ACB
2016-07-05,3530,3570,3500,3530,224536,ACB
2016-07-06,3530,3540,3500,3530,119879,ACB
2016-07-07,3530,3620,3540,3570,46124,ACB
2016-07-08,3570,3580,3540,3570,213318,ACB
2016-07-11,3550,3550,3510,3530,256181,ACB
2016-07-12,3530,3550,3510,3530,26771,ACB
2016-07-13,3530,3750,3580,3630,437147,ACB
2016-07-14,3630,3690,3600,3630,855293,ACB
2016-07-15,3680,3690,3610,3630,218899,ACB
2016-07-18,3590,3660,3580,3610,59135,ACB
2016-07-19,3610,3620,3470,3530,465733,ACB
2016-07-20,3530,3550,3510,3530,109114,ACB
2016-07-21,3550,3550,3480,3490,115206,ACB
2016-07-22,3490,3470,3440,3460,70617,ACB
2016-07-25,3460,3490,3430,3460,73600,ACB
2016-07-26,3460,3440,3390,3420,143345,ACB
2016-07-27,3420,3440,3400,3420,59291,ACB
2016-07-28,3440,3440,3400,3420,33402,ACB
2016-07-29,3420,3480,3430,3460,138157,ACB
2016-08-01,3440,3420,3370,3400,39056,ACB
2016-08-02,3400,3380,3320,3340,76750,ACB
2016-08-03,3340,3330,3290,3300,75348,ACB
2016-08-04,3340,3380,3320,3340,110262,ACB
2016-08-05,3340,3400,3350,3360,70318,ACB
2016-08-08,3360,3380,3340,3360,69544,ACB
2016-08-09,3360,3380,3340,3360,32488,ACB
2016-08-10,3380,3420,3380,3380,136283,ACB
2016-08-11,3380,3390,3370,3380,16038,ACB
2016-08-12,3400,3420,3370,3380,48499,ACB
2016-08-15,3360,3360,3330,3340,39933,ACB
2016-08-16,3340,3450,3350,3400,106540,ACB
2016-08-17,3400,3410,3370,3380,117280,ACB
2016-08-18,3380,3430,3360,3360,113815,ACB
2016-08-19,3360,3370,3350,3360,126316,ACB
2016-08-22,3340,3360,3340,3340,64989,ACB
2016-08-23,3340,3380,3350,3360,100523,ACB
2016-08-24,3360,3370,3330,3340,53493,ACB
2016-08-25,3360,3450,3390,3400,86057,ACB
2016-08-26,3340,3430,3360,3420,74750,ACB
2016-08-29,3420,3420,3400,3400,133815,ACB
2016-08-30,3400,3400,3400,3400,55861,ACB
2016-08-31,3420,3470,3430,3440,192835,ACB
2016-09-01,3440,3420,3400,3420,81398,ACB
2016-09-05,3400,3400,3380,3400,78738,ACB
2016-09-06,3400,3440,3420,3420,100607,ACB
2016-09-07,3400,3410,3370,3400,37441,ACB
2016-09-08,3380,3420,3380,3400,38923,ACB
2016-09-09,3300,3400,3300,3380,9453,ACB
2016-09-12,3360,3390,3350,3360,137291,ACB
2016-09-13,3340,3350,3320,3340,76695,ACB
2016-09-14,3340,3340,3300,3320,151529,ACB
2016-09-15,3300,3340,3290,3300,160591,ACB
2016-09-16,3260,3350,3290,3300,120039,ACB
2016-09-19,3280,3280,3240,3260,39590,ACB
2016-09-20,3260,3300,3240,3260,117888,ACB
2016-09-21,3260,3370,3260,3320,181530,ACB
2016-09-22,3340,3330,3290,3300,52251,ACB
2016-09-23,3280,3340,3300,3320,54315,ACB
2016-09-26,3320,3300,3260,3280,55181,ACB
2016-09-27,3260,3340,3280,3300,112486,ACB
2016-09-28,3280,3540,3340,3480,960835,ACB
2016-09-29,3490,3510,3480,3490,413417,ACB
2016-09-30,3490,3520,3470,3490,281903,ACB
2016-10-03,3510,3620,3430,3550,584999,ACB
2016-10-04,3550,3700,3550,3650,728172,ACB
2016-10-05,3650,3760,3650,3720,650032,ACB
2016-10-06,3740,3780,3700,3720,445683,ACB
2016-10-07,3680,3690,3550,3630,474856,ACB
2016-10-10,3630,3680,3600,3630,595489,ACB
2016-10-11,3630,3680,3600,3630,325562,ACB
2016-10-12,3650,3800,3640,3680,742105,ACB
2016-10-13,3670,3730,3680,3700,297562,ACB
2016-10-14,3700,3710,3670,3680,399942,ACB
2016-10-17,3670,3660,3640,3650,379894,ACB
2016-10-18,3650,3680,3650,3670,383550,ACB
2016-10-19,3670,3800,3690,3740,894546,ACB
2016-10-20,3740,3770,3690,3720,176834,ACB
2016-10-21,3720,3720,3690,3700,115481,ACB
2016-10-24,3680,3680,3600,3630,435877,ACB
2016-10-25,3630,3710,3630,3670,228430,ACB
2016-10-26,3670,3680,3640,3650,123409,ACB
2016-10-27,3650,3680,3650,3670,184931,ACB
2016-10-28,3650,3730,3660,3700,109185,ACB
2016-10-31,3680,3680,3600,3630,200973,ACB
2016-11-01,3630,3710,3660,3670,246218,ACB
2016-11-02,3650,3660,3620,3650,74747,ACB
2016-11-03,3650,3650,3600,3630,263536,ACB
2016-11-04,3630,3640,3620,3630,51973,ACB
2016-11-07,3630,3660,3620,3650,140965,ACB
2016-11-08,3650,3640,3620,3630,240477,ACB
2016-11-09,3630,3600,3410,3570,510554,ACB
2016-11-10,3570,3690,3600,3650,149865,ACB
2016-11-11,3650,3660,3620,3650,180044,ACB
2016-11-14,3650,3630,3620,3630,189722,ACB
2016-11-15,3670,3680,3640,3650,147050,ACB
2016-11-16,3650,3630,3590,3610,165430,ACB
2016-11-17,3630,3640,3630,3630,216720,ACB
2016-11-18,3630,3620,3600,3610,232504,ACB
2016-11-21,3650,3660,3620,3630,45941,ACB
2016-11-22,3650,3660,3640,3650,289066,ACB
2016-11-23,3650,3710,3670,3680,184640,ACB
2016-11-24,3680,3740,3700,3700,154688,ACB
2016-11-25,3650,3720,3670,3700,179786,ACB
2016-11-28,3700,3700,3620,3650,110554,ACB
2016-11-29,3630,3660,3640,3650,234984,ACB
2016-11-30,3630,3670,3630,3650,151350,ACB
2016-12-01,3700,3820,3710,3780,381829,ACB
2016-12-02,3780,3740,3640,3720,71031,ACB
2016-12-05,3740,3710,3650,3680,49063,ACB
2016-12-06,3720,3690,3550,3590,239780,ACB
2016-12-07,3590,3590,3480,3530,226091,ACB
2016-12-08,3610,3580,3500,3530,220042,ACB
2016-12-09,3550,3620,3530,3590,103048,ACB
2016-12-12,3590,3600,3550,3570,30478,ACB
2016-12-13,3570,3530,3450,3490,125191,ACB
2016-12-14,3530,3530,3440,3490,93783,ACB
2016-12-15,3570,3550,3470,3510,141933,ACB
2016-12-16,3570,3650,3560,3610,112809,ACB
2016-12-19,3660,3630,3550,3570,232663,ACB
2016-12-20,3590,3600,3560,3570,273119,ACB
2016-12-21,3590,3880,3650,3760,939567,ACB
2016-12-22,3760,3790,3680,3740,430272,ACB
2016-12-23,3680,3720,3600,3630,390028,ACB
2016-12-26,3660,3800,3690,3740,142239,ACB
2016-12-27,3680,3690,3610,3660,320223,ACB
2016-12-28,3700,3680,3660,3680,220675,ACB
2016-12-29,3660,3730,3620,3700,398898,ACB
2016-12-30,3720,3740,3680,3700,132554,ACB
2017-01-03,3720,4080,3800,3990,1609757,ACB
2017-01-04,3990,4059,3960,4010,739000,ACB
2017-01-04,3990,4059,3960,4010,739000,ACB
2017-01-05,4030,4059,3970,4010,471881,ACB
2017-01-06,4010,4420,3990,4220,1409824,ACB
2017-01-09,4220,4430,4260,4370,970791,ACB
2017-01-10,4370,4470,4300,4410,942499,ACB
2017-01-11,4370,4590,4380,4540,1447461,ACB
2017-01-12,4520,4650,4460,4540,1158392,ACB
2017-01-13,4500,4610,4440,4520,1230784,ACB
2017-01-16,4520,4620,4520,4580,575469,ACB
2017-01-17,4620,4950,4650,4830,1398174,ACB
2017-01-18,4830,4920,4760,4850,1360520,ACB
2017-01-19,4850,4910,4760,4830,542576,ACB
2017-01-20,4830,4920,4780,4850,614473,ACB
2017-01-23,4850,4900,4750,4810,867359,ACB
2017-01-24,4810,5040,4790,4940,722901,ACB
2017-01-25,4920,5020,4910,4960,437171,ACB
2017-02-02,4960,5070,4860,5000,693910,ACB
2017-02-03,5000,5140,4990,5080,1124649,ACB
2017-02-06,5080,5030,4870,4960,1767267,ACB
2017-02-07,5000,5070,4900,4980,820988,ACB
2017-02-08,4980,5060,4930,4980,627023,ACB
2017-02-09,4980,5000,4960,4980,480866,ACB
2017-02-10,4980,5060,4980,5020,2354611,ACB
2017-02-13,5060,5040,4870,4940,1102014,ACB
2017-02-14,4940,4980,4900,4940,630201,ACB
2017-02-15,4940,4930,4830,4890,1719050,ACB
2017-02-16,4920,4830,4660,4770,1657991,ACB
2017-02-17,4730,4800,4700,4770,886909,ACB
2017-02-20,4770,4840,4730,4770,1208009,ACB
2017-02-21,4770,4800,4740,4770,992334,ACB
2017-02-22,4770,4800,4680,4750,890701,ACB
2017-02-23,4750,4780,4710,4750,599354,ACB
2017-02-24,4770,4870,4660,4770,2041146,ACB
2017-02-27,4770,4860,4790,4810,652055,ACB
2017-02-28,4830,4860,4780,4810,493768,ACB
2017-03-01,4790,4830,4700,4750,947826,ACB
2017-03-02,4750,4780,4690,4730,356057,ACB
2017-03-03,4730,4900,4730,4790,658085,ACB
2017-03-06,4810,4840,4730,4750,767074,ACB
2017-03-07,4790,4800,4710,4730,342874,ACB
2017-03-08,4730,5030,4670,4890,3300268,ACB
2017-03-09,4890,4960,4830,4920,2499511,ACB
2017-03-10,4890,5020,4870,4980,3996520,ACB
2017-03-13,4980,4910,4740,4810,3149747,ACB
2017-03-14,4810,4850,4740,4790,1043292,ACB
2017-03-15,4790,4970,4740,4850,1841218,ACB
2017-03-16,4870,4910,4840,4870,1849057,ACB
2017-03-17,4920,5100,4810,4920,5329369,ACB
2017-03-20,4940,5080,4960,5020,5125254,ACB
2017-03-21,5060,5350,5110,5250,10618307,ACB
2017-03-22,5250,5330,5180,5250,4597625,ACB
2017-03-23,5250,5280,5170,5230,3086794,ACB
2017-03-24,5230,5460,5220,5360,7262960,ACB
2017-03-27,5360,5420,5210,5290,4647682,ACB
2017-03-28,5290,5260,5120,5190,3883267,ACB
2017-03-29,5210,5250,5120,5170,4693967,ACB
2017-03-30,5170,5240,5130,5190,2636139,ACB
2017-03-31,5210,5240,5120,5150,2374460,ACB
2017-04-03,5150,5380,5180,5250,4561999,ACB
2017-04-04,5270,5390,5220,5310,4282474,ACB
2017-04-05,5310,5360,5230,5290,2922560,ACB
2017-04-07,5290,5310,5180,5210,2654414,ACB
2017-04-10,5210,5220,5060,5120,4172644,ACB
2017-04-11,5120,5030,4890,4980,3447528,ACB
2017-04-12,4980,4960,4770,4850,4187963,ACB
2017-04-13,4850,4900,4790,4830,1942706,ACB
2017-04-14,4830,4890,4740,4810,2869490,ACB
2017-04-17,4810,4820,4660,4730,1791452,ACB
2017-04-18,4750,4860,4740,4810,1966220,ACB
2017-04-19,4810,4810,4760,4770,904604,ACB
2017-04-20,4770,4810,4730,4770,1029547,ACB
2017-04-21,4770,4800,4740,4770,1166146,ACB
2017-04-24,4730,4760,4720,4730,1041557,ACB
2017-04-25,4680,4710,4600,4640,1796943,ACB
2017-04-26,4680,4860,4710,4770,1183165,ACB
2017-04-27,4770,4820,4740,4770,867590,ACB
2017-04-28,4750,4980,4730,4870,3189572,ACB
2017-05-03,4870,5050,4900,5000,2622355,ACB
2017-05-04,5020,5040,4960,5000,1511935,ACB
2017-05-05,5000,5010,4890,4940,1540483,ACB
2017-05-08,4920,4920,4800,4850,1334252,ACB
2017-05-09,4850,5040,4870,4980,1873308,ACB
2017-05-10,5020,5020,4940,4980,1722684,ACB
2017-05-11,4980,4960,4850,4920,1225352,ACB
2017-05-12,4960,5000,4940,4960,1408743,ACB
2017-05-15,4960,4990,4910,4940,1557823,ACB
2017-05-16,4890,5100,4890,5020,4063912,ACB
2017-05-17,5020,5180,5070,5120,2463380,ACB
2017-05-18,5120,5220,5030,5150,4440070,ACB
2017-05-19,5150,5250,5080,5190,3380097,ACB
2017-05-22,5190,5370,5160,5270,8110171,ACB
2017-05-23,5290,5230,5040,5150,3154806,ACB
2017-05-24,5150,5380,5170,5290,2741337,ACB
2017-05-25,5310,5360,5210,5270,4482961,ACB
2017-05-26,5270,5290,5230,5250,1931186,ACB
2017-05-29,5210,5360,5210,5270,2434669,ACB
2017-05-30,5270,5380,5230,5250,3271836,ACB
2017-05-31,5230,5310,5210,5250,1808309,ACB
2017-06-01,5250,5280,5150,5210,2213300,ACB
2017-06-02,5210,5240,5130,5190,2357600,ACB
2017-06-05,5190,5260,5150,5210,2071223,ACB
2017-06-06,5290,5360,5280,5310,2786052,ACB
2017-06-07,5360,5670,5350,5540,9677631,ACB
2017-06-08,5540,5560,5420,5480,1793086,ACB
2017-06-09,5460,5540,5440,5500,1633448,ACB
2017-06-12,5500,5520,5410,5460,2711450,ACB
2017-06-13,5460,5680,5490,5570,2560207,ACB
2017-06-14,5590,5650,5570,5610,2095019,ACB
2017-06-15,5610,5590,5500,5540,2027588,ACB
2017-06-16,5540,5560,5520,5540,1073742,ACB
2017-06-19,5590,5620,5550,5590,2509473,ACB
2017-06-20,5610,5690,5600,5630,2009016,ACB
2017-06-21,5630,5630,5460,5520,3907011,ACB
2017-06-22,5520,5540,5460,5480,1990597,ACB
2017-06-23,5460,5470,5360,5400,2881921,ACB
2017-06-26,5400,5540,5430,5480,1201089,ACB
2017-06-27,5460,5490,5410,5440,681015,ACB
2017-06-28,5420,5470,5380,5420,861040,ACB
2017-06-29,5420,5490,5420,5460,928253,ACB
2017-06-30,5480,5480,5420,5440,663360,ACB
2017-07-03,5460,5610,5460,5540,2832824,ACB
2017-07-04,5540,5570,5460,5500,913620,ACB
2017-07-05,5500,5610,5500,5570,1489515,ACB
2017-07-06,5570,5590,5530,5570,1436039,ACB
2017-07-07,5570,5630,5510,5570,2656919,ACB
2017-07-10,5570,5540,5370,5440,2657063,ACB
2017-07-11,5440,5470,5400,5440,1562679,ACB
2017-07-12,5440,5480,5420,5440,1160871,ACB
2017-07-13,5440,5480,5420,5440,734955,ACB
2017-07-14,5460,5460,5390,5420,366894,ACB
2017-07-17,5420,5300,5120,5230,3160757,ACB
2017-07-18,5230,5320,5220,5270,2229835,ACB
2017-07-19,5270,5300,5260,5270,584611,ACB
2017-07-20,5270,5330,5260,5290,731184,ACB
2017-07-21,5290,5290,5230,5250,357297,ACB
2017-07-24,5250,5240,5120,5190,1117565,ACB
2017-07-25,5230,5310,5250,5270,808354,ACB
2017-07-26,5270,5430,5300,5380,651186,ACB
2017-07-27,5310,5370,5240,5340,581124,ACB
2017-07-28,5360,5450,5370,5420,718964,ACB
2017-07-31,5460,5500,5420,5460,1567378,ACB
2017-08-01,5480,5540,5450,5480,1566838,ACB
2017-08-02,5440,5520,5430,5480,1578560,ACB
2017-08-03,5480,5500,5440,5460,936752,ACB
2017-08-04,5420,5440,5400,5420,1200627,ACB
2017-08-07,5420,5520,5410,5460,1478734,ACB
2017-08-08,5540,5570,5440,5460,382940,ACB
2017-08-09,5460,5450,5320,5380,1649412,ACB
2017-08-10,5340,5400,5310,5340,1139760,ACB
2017-08-11,5360,5350,5310,5340,774623,ACB
2017-08-14,5310,5400,5310,5400,657975,ACB
2017-08-15,5400,5440,5400,5420,799795,ACB
2017-08-16,5420,5460,5420,5440,487273,ACB
2017-08-17,5460,5430,5330,5380,553039,ACB
2017-08-18,5360,5430,5320,5400,1175485,ACB
2017-08-21,5400,5590,5360,5500,4413094,ACB
2017-08-22,5520,5560,5460,5500,986115,ACB
2017-08-23,5480,5590,5500,5540,740021,ACB
2017-08-24,5540,5880,5630,5760,7254759,ACB
2017-08-25,5760,5890,5700,5800,2024567,ACB
2017-08-28,5800,6090,5860,5990,2649215,ACB
2017-08-29,5990,6140,5850,6010,4269159,ACB
2017-08-30,6010,6050,5930,5990,1653058,ACB
2017-08-31,6010,6120,5940,6030,2318417,ACB
2017-09-01,6030,6080,5950,6010,709220,ACB
2017-09-05,6010,6140,6010,6090,990815,ACB
2017-09-06,6110,6110,6030,6070,626895,ACB
2017-09-07,6070,6070,5950,6010,1174302,ACB
2017-09-08,6010,5980,5840,5900,1334473,ACB
2017-09-11,5880,5910,5700,5780,2132362,ACB
2017-09-12,5780,5930,5780,5840,1235103,ACB
2017-09-13,5860,6020,5890,5960,677371,ACB
2017-09-14,5940,5950,5870,5920,1994968,ACB
2017-09-15,5920,5980,5880,5900,1606884,ACB
2017-09-18,5900,5960,5860,5920,1222983,ACB
2017-09-19,5920,5950,5820,5900,1331569,ACB
2017-09-20,5940,5950,5880,5900,882705,ACB
2017-09-21,5940,6040,5910,5960,1389322,ACB
2017-09-22,5960,6210,6020,6130,3958618,ACB
2017-09-25,6130,6460,6160,6320,3381864,ACB
2017-09-26,6360,6500,6350,6430,2766949,ACB
2017-09-27,6410,6380,6280,6320,1153295,ACB
2017-09-28,6950,6960,6310,6360,1223493,ACB
2017-09-29,6360,6500,6370,6430,920886,ACB
2017-10-02,6450,6420,6340,6380,755459,ACB
2017-10-03,6340,6430,6300,6360,1368746,ACB
2017-10-04,6360,6570,6440,6490,1937080,ACB
2017-10-05,6490,6480,6290,6410,3049742,ACB
2017-10-06,6410,6650,6460,6570,2764427,ACB
2017-10-09,6570,6780,6570,6700,3064014,ACB
2017-10-10,6510,6770,6490,6700,1666381,ACB
2017-10-11,6720,6780,6690,6720,1813951,ACB
2017-10-12,6720,6730,6640,6680,1384961,ACB
2017-10-13,6700,6870,6660,6800,1752064,ACB
2017-10-16,6800,6920,6810,6870,1321717,ACB
2017-10-17,6870,6920,6870,6890,953781,ACB
2017-10-18,6970,7000,6830,6910,2272988,ACB
2017-10-19,6910,6900,6740,6800,1941687,ACB
2017-10-20,6800,6780,6580,6660,2328487,ACB
2017-10-23,6660,6590,6380,6450,2601188,ACB
2017-10-24,5820,6640,5890,6530,2602005,ACB
2017-10-25,6550,6820,6580,6700,1101897,ACB
2017-10-26,6700,6690,6540,6620,1924655,ACB
2017-10-27,6620,6780,6630,6700,909500,ACB
2017-10-30,6740,6660,6430,6570,1998813,ACB
2017-10-31,6700,6650,6310,6430,2365341,ACB
2017-11-01,6430,6490,6410,6450,954826,ACB
2017-11-02,6450,6380,6170,6260,3243328,ACB
2017-11-03,6260,6530,6270,6380,2147564,ACB
2017-11-06,6300,6530,6340,6470,798248,ACB
2017-11-07,6470,6500,6420,6470,1229311,ACB
2017-11-08,6490,6660,6530,6600,1340921,ACB
2017-11-09,6600,6670,6570,6620,1171786,ACB
2017-11-10,6620,6810,6640,6720,2280926,ACB
2017-11-13,6740,6740,6620,6680,1861000,ACB
2017-11-14,6680,6920,6650,6760,1848620,ACB
2017-11-15,6890,6910,6750,6830,1475303,ACB
2017-11-16,6850,7000,6850,6950,4200524,ACB
2017-11-17,6970,7020,6850,6950,2288362,ACB
2017-11-20,6950,6960,6790,6890,1424314,ACB
2017-11-21,6890,7000,6790,6890,2009143,ACB
2017-11-22,6870,7270,6860,7120,2907841,ACB
2017-11-23,7120,7240,7010,7140,2520785,ACB
2017-11-24,7180,7230,7080,7160,1537052,ACB
2017-11-27,7160,7270,7100,7180,1772248,ACB
2017-11-28,7140,7230,7090,7140,1486928,ACB
2017-11-29,7140,7270,7140,7250,1466786,ACB
2017-11-30,7310,7420,7240,7330,3947759,ACB
2017-12-01,7350,7450,7350,7390,2204688,ACB
2017-12-04,7390,7770,7480,7670,2828261,ACB
2017-12-05,7690,7470,7140,7350,2451061,ACB
2017-12-06,7330,7480,7270,7330,2935533,ACB
2017-12-07,7330,7760,7480,7600,2485591,ACB
2017-12-08,7600,7610,7510,7560,1018775,ACB
2017-12-11,7540,7510,7320,7440,2361314,ACB
2017-12-12,7420,7710,6910,7270,6629673,ACB
2017-12-13,7270,7380,7000,7100,1608497,ACB
2017-12-14,7100,7260,7110,7180,1835286,ACB
2017-12-15,7180,7260,7130,7180,1141285,ACB
2017-12-18,7250,7440,7290,7370,1869613,ACB
2017-12-19,7440,7390,7240,7310,1988171,ACB
2017-12-20,7310,7390,7240,7310,4205447,ACB
2017-12-21,7390,7330,7220,7290,4333480,ACB
2017-12-22,7290,7320,7220,7270,2073496,ACB
2017-12-25,7270,7330,7190,7250,3242655,ACB
2017-12-26,7250,7350,7240,7290,4904103,ACB
2017-12-27,7290,7780,7360,7670,6668024,ACB
2017-12-28,7690,7780,7670,7730,5694848,ACB
2017-12-29,7770,7840,7650,7750,4466849,ACB
2018-01-02,7770,8370,7920,8150,3657426,ACB
2018-01-02,7770,8370,7920,8150,3657426,ACB
2018-01-03,8150,8210,7980,8130,5056543,ACB
2018-01-04,8130,8189,8090,8150,6365641,ACB
2018-01-05,8189,8290,8060,8150,6453452,ACB
2018-01-08,8150,8570,8290,8420,3879771,ACB
2018-01-09,8440,8620,8260,8460,4745410,ACB
2018-01-10,8510,8510,8240,8360,4638024,ACB
2018-01-11,8360,8510,8300,8400,4924236,ACB
2018-01-12,8400,8340,8070,8210,7568499,ACB
2018-01-15,8210,8290,8080,8189,3366618,ACB
2018-01-16,8189,8250,8080,8150,3387031,ACB
2018-01-17,8150,8310,8000,8189,4081715,ACB
2018-01-18,8039,8460,8200,8300,3733257,ACB
2018-01-19,8320,8440,8189,8300,4677507,ACB
2018-01-22,8300,8530,8320,8440,4545380,ACB
2018-01-23,8510,8770,8430,8700,7923102,ACB
2018-01-24,8760,8760,8510,8630,4139581,ACB
2018-01-25,8650,8970,8460,8780,8429425,ACB
2018-01-26,8820,8970,8720,8840,4970555,ACB
2018-01-29,8820,8930,8740,8820,4937869,ACB
2018-01-30,8800,8820,8670,8740,3927399,ACB
2018-01-31,8740,8840,8630,8760,6436073,ACB
2018-02-01,8760,8730,8480,8610,6434280,ACB
2018-02-02,8610,8800,8630,8720,3810505,ACB
2018-02-05,8740,8600,8150,8400,5066909,ACB
2018-02-06,8109,8670,7920,8170,7329750,ACB
2018-02-07,8210,8820,8230,8550,2625378,ACB
2018-02-08,8550,8510,8150,8300,2011871,ACB
2018-02-09,7670,8690,7890,8380,3861562,ACB
2018-02-12,8550,9000,8720,8820,2149455,ACB
2018-02-13,8930,9370,8920,9180,5453039,ACB
2018-02-21,9180,9450,9120,9350,3300915,ACB
2018-02-22,9410,9400,9160,9280,3505413,ACB
2018-02-23,9280,9490,9260,9390,4133818,ACB
2018-02-26,9410,9700,9410,9520,10048941,ACB
2018-02-27,9540,9850,9570,9750,4107205,ACB
2018-02-28,9770,9980,9640,9870,4274179,ACB
2018-03-01,9870,9850,9470,9660,5379316,ACB
2018-03-02,9660,9940,9620,9770,5264337,ACB
2018-03-05,9770,9380,8760,9240,6171135,ACB
2018-03-06,9240,9810,9380,9640,4279645,ACB
2018-03-07,9660,9660,9350,9490,5017215,ACB
2018-03-08,9620,9610,9440,9520,4041111,ACB
2018-03-09,9560,9920,9610,9830,4829484,ACB
2018-03-12,9870,10300,9960,10210,4944538,ACB
2018-03-13,10230,10450,10200,10330,3683159,ACB
2018-03-14,10610,10670,10250,10330,2974601,ACB
2018-03-15,10360,10450,10240,10380,4032484,ACB
2018-03-16,10460,10700,10450,10590,4163554,ACB
2018-03-19,10710,11010,10780,10860,4889388,ACB
2018-03-20,10980,11330,10980,11180,4552573,ACB
2018-03-21,11180,11240,10940,11070,6287554,ACB
2018-03-22,11070,11040,10740,10860,5892543,ACB
2018-03-23,10860,10940,10360,10630,6436238,ACB
2018-03-26,10630,11140,10740,10930,2814607,ACB
2018-03-27,11000,11090,10830,10980,3305080,ACB
2018-03-28,10950,10960,10750,10840,2276552,ACB
2018-03-29,10900,10830,10700,10770,2039780,ACB
2018-03-30,10630,10880,10670,10790,2092042,ACB
2018-04-02,10810,11620,11050,11370,4372662,ACB
2018-04-03,11370,11420,11190,11320,3577394,ACB
2018-04-04,11320,11450,11240,11340,3555414,ACB
2018-04-05,11370,11600,11420,11510,3934100,ACB
2018-04-06,11530,11930,11560,11760,5500996,ACB
2018-04-09,11780,11930,11680,11810,3474752,ACB
2018-04-10,11830,11850,11500,11670,4550311,ACB
2018-04-11,11670,11550,11080,11280,6377260,ACB
2018-04-12,11110,11770,11340,11530,3604332,ACB
2018-04-13,11550,11480,11020,11210,3102131,ACB
2018-04-16,11180,11360,11040,11230,2787061,ACB
2018-04-17,11230,11560,11280,11440,3122300,ACB
2018-04-18,11440,11440,11070,11300,3237045,ACB
2018-04-19,11090,11240,10820,11020,4945285,ACB
2018-04-20,11090,11200,10990,11110,3450025,ACB
2018-04-23,11180,10890,9820,10280,8144218,ACB
2018-04-24,10300,10470,9960,10260,3660608,ACB
2018-04-26,10280,9820,8940,9380,7285702,ACB
2018-04-27,8460,10400,8650,9800,4667596,ACB
2018-05-02,9940,9860,9490,9700,2669126,ACB
2018-05-03,9150,10500,9490,10050,3695726,ACB
2018-05-04,10050,10180,9950,10070,2929704,ACB
2018-05-07,10100,10940,10370,10630,4340830,ACB
2018-05-08,10630,10590,10380,10490,2703990,ACB
2018-05-09,10490,10380,10080,10260,2964394,ACB
2018-05-10,10260,10040,9410,9800,4538604,ACB
2018-05-11,9800,10530,9890,10170,3944111,ACB
2018-05-14,10190,10340,10090,10240,1239598,ACB
2018-05-15,10300,10410,10110,10280,2883487,ACB
2018-05-16,10240,11080,9740,9940,3938151,ACB
2018-05-17,9820,10040,9790,9910,2023797,ACB
2018-05-18,9910,10100,9560,9890,2708148,ACB
2018-05-21,9960,9840,9590,9750,1908680,ACB
2018-05-22,9700,9680,9250,9500,4833825,ACB
2018-05-23,9520,9750,9440,9590,2846035,ACB
2018-05-24,9640,9580,9390,9470,1360084,ACB
2018-05-25,9470,9400,9040,9240,3370106,ACB
2018-05-28,9130,8820,7980,8360,6642188,ACB
2018-05-29,7530,9450,7780,9080,4694583,ACB
2018-05-30,9130,9040,8720,8870,3049815,ACB
2018-05-31,8870,9410,8990,9240,3560671,ACB
2018-06-01,9240,9550,9130,9360,5402896,ACB
2018-06-04,9240,9940,9350,9700,5546226,ACB
2018-06-05,9700,9780,9550,9640,4692768,ACB
2018-06-06,9640,10290,9770,10000,5668743,ACB
2018-06-07,10000,9960,9680,9800,5212644,ACB
2018-06-08,9800,10100,9840,9960,3702961,ACB
2018-06-11,9980,9990,9650,9840,4129106,ACB
2018-06-12,10170,10210,9380,9610,6941376,ACB
2018-06-13,9640,9750,9470,9590,2338458,ACB
2018-06-14,9590,9530,9210,9380,3797018,ACB
2018-06-15,9430,9670,9340,9540,3289834,ACB
2018-06-18,9560,9470,8990,9200,5078608,ACB
2018-06-19,9200,9420,8740,9010,8643727,ACB
2018-06-20,9010,9240,8960,9100,2915611,ACB
2018-06-21,9130,9040,8720,8830,1583386,ACB
2018-06-22,8800,9350,8870,9100,2637598,ACB
2018-06-25,9030,9150,8670,9080,2808160,ACB
2018-06-26,9080,9080,8870,8940,2232783,ACB
2018-06-27,9010,8850,8470,8660,2689583,ACB
2018-06-28,8660,8510,8150,8340,5075935,ACB
2018-06-29,8360,8410,8109,8220,3031531,ACB
2018-07-02,8220,8130,7490,7690,6858520,ACB
2018-07-03,7720,7510,6760,7160,7375018,ACB
2018-07-04,7050,7570,7220,7390,4127586,ACB
2018-07-05,7230,7180,6620,6910,4948503,ACB
2018-07-06,6700,7890,6970,7580,7854475,ACB
2018-07-09,7620,7740,7440,7620,4587386,ACB
2018-07-10,7620,7960,7660,7830,3244193,ACB
2018-07-11,7720,7690,7120,7370,7023863,ACB
2018-07-12,8090,8150,7430,7650,4150902,ACB
2018-07-13,7650,8000,7180,7900,3940996,ACB
2018-07-16,7970,8090,7860,7970,3769038,ACB
2018-07-17,8300,8490,8020,8220,5135363,ACB
2018-07-18,8320,8480,8140,8360,4359010,ACB
2018-07-19,8360,8300,8070,8180,6338767,ACB
2018-07-20,8180,8500,7990,8500,8925712,ACB
2018-07-23,8530,8360,8070,8250,4970456,ACB
2018-07-24,8250,8620,7930,8130,4390214,ACB
2018-07-25,8660,8400,7620,7860,4478560,ACB
2018-07-26,7070,8340,7140,8039,6326835,ACB
2018-07-27,8090,8320,8080,8220,4283058,ACB
2018-07-30,8250,8430,8220,8340,3446870,ACB
2018-07-31,8320,8430,8220,8270,4169999,ACB
2018-08-01,8270,8310,8080,8200,3370615,ACB
2018-08-02,8200,8330,8119,8200,4547726,ACB
2018-08-03,8270,8300,8100,8200,3765836,ACB
2018-08-06,8200,8250,8039,8130,2378607,ACB
2018-08-07,8160,8280,8070,8200,3340719,ACB
2018-08-08,8220,8590,8310,8480,6086041,ACB
2018-08-09,8480,8590,8390,8500,6024097,ACB
2018-08-10,8500,8750,8490,8620,4939666,ACB
2018-08-13,8620,8930,8620,8800,7344210,ACB
2018-08-14,8870,8770,8570,8660,3333384,ACB
2018-08-15,8710,8670,8400,8550,6050256,ACB
2018-08-16,8500,8670,8390,8500,6703679,ACB
2018-08-17,8500,8600,8410,8500,3162682,ACB
2018-08-20,8530,8580,8390,8480,3250515,ACB
2018-08-21,8480,8900,8620,8760,5164728,ACB
2018-08-22,8780,8800,8640,8730,4526943,ACB
2018-08-23,8760,8900,8760,8830,3014955,ACB
2018-08-24,8830,9120,8800,8960,7614923,ACB
2018-08-27,9010,9050,8890,8960,3180882,ACB
2018-08-28,8990,9040,8950,8990,5158953,ACB
2018-08-29,9080,9180,9020,9080,4615659,ACB
2018-08-30,9100,9240,9120,9170,4212097,ACB
2018-08-31,9170,9110,8930,9030,4286128,ACB
2018-09-04,8990,8890,8620,8780,5963473,ACB
2018-09-05,8760,8840,8590,8690,4808542,ACB
2018-09-06,9030,9010,8580,8690,3164832,ACB
2018-09-07,8690,8960,8780,8870,2485961,ACB
2018-09-10,8870,8820,8130,8720,3148899,ACB
2018-09-11,8690,8820,8690,8770,3898476,ACB
2018-09-12,8820,8780,8680,8740,2964205,ACB
2018-09-13,8770,9000,8760,8870,6398577,ACB
2018-09-14,8870,9000,8870,8950,4140257,ACB
2018-09-17,8950,8900,8770,8820,1908269,ACB
2018-09-18,8770,9000,8840,8900,2411600,ACB
2018-09-19,8930,8980,8840,8900,2798730,ACB
2018-09-20,8900,9060,8930,8980,3473652,ACB
2018-09-21,9010,9200,9040,9140,7293427,ACB
2018-09-24,9170,9170,9070,9110,2805624,ACB
2018-09-25,9090,9110,8950,9030,3999558,ACB
2018-09-26,9030,9080,8920,9010,2915363,ACB
2018-09-27,9010,9040,8940,9010,2942652,ACB
2018-09-28,9030,9150,8990,9060,3783478,ACB
2018-10-01,9060,9040,8860,8950,3222310,ACB
2018-10-02,8950,8950,8740,8850,5220366,ACB
2018-10-03,9030,9020,8810,8900,1954922,ACB
2018-10-04,8900,9100,8910,9030,3180913,ACB
2018-10-05,9030,8990,8830,8930,4183777,ACB
2018-10-08,8900,9030,8900,8950,2175364,ACB
2018-10-09,8950,9000,8920,8950,3010019,ACB
2018-10-10,8950,8990,8880,8930,2803041,ACB
2018-10-11,8850,8650,7900,8240,9392018,ACB
2018-10-12,8130,8670,8130,8500,4923922,ACB
2018-10-15,8560,8410,8100,8240,2403128,ACB
2018-10-16,8240,8370,8240,8320,1942897,ACB
2018-10-17,8420,8460,8300,8370,2292759,ACB
2018-10-18,8370,8320,8160,8240,1691619,ACB
2018-10-19,8210,8500,8020,8240,2186199,ACB
2018-10-22,8240,8240,8109,8180,1648420,ACB
2018-10-23,8180,8039,7700,7860,4059421,ACB
2018-10-24,7860,7900,7640,7780,3420367,ACB
2018-10-25,7680,7980,7490,7680,5147562,ACB
2018-10-26,7730,7770,7360,7520,2884427,ACB
2018-10-29,7520,7510,7270,7440,3999762,ACB
2018-10-30,7440,7730,7380,7570,3626018,ACB
2018-10-31,7600,8260,7800,8050,4795396,ACB
2018-11-01,8050,7970,7630,7780,2904172,ACB
2018-11-02,7840,8189,7950,8080,4366028,ACB
2018-11-05,8080,8170,7930,8020,3088300,ACB
2018-11-06,8020,7980,7710,7810,2657882,ACB
2018-11-07,7840,7880,7700,7780,2944403,ACB
2018-11-08,7890,7900,7710,7810,2607660,ACB
2018-11-09,7810,7760,7520,7620,2981239,ACB
2018-11-12,7620,7680,7540,7620,1775059,ACB
2018-11-13,7600,7600,7440,7520,2753099,ACB
2018-11-14,7490,7490,7200,7330,3291576,ACB
2018-11-15,7200,7420,7160,7310,2698586,ACB
2018-11-16,7310,7740,7370,7570,3519615,ACB
2018-11-19,7520,7760,7570,7700,2238672,ACB
2018-11-20,7700,7740,7640,7680,2168097,ACB
2018-11-21,7600,7760,7580,7680,2458849,ACB
2018-11-22,7940,7970,7700,7810,4403748,ACB
2018-11-23,7840,7760,7630,7700,2688110,ACB
2018-11-26,7570,7770,7610,7730,1633057,ACB
2018-11-27,7730,7740,7550,7650,2599848,ACB
2018-11-28,7120,7920,7190,7810,3171523,ACB
2018-11-29,7840,7900,7770,7840,3544622,ACB
2018-11-30,7310,8010,7310,7920,2971296,ACB
2018-12-03,7940,8490,8109,8320,4691062,ACB
2018-12-04,8320,8430,8210,8260,2802120,ACB
2018-12-05,8210,8350,8140,8240,3447060,ACB
2018-12-06,8180,8270,8080,8180,3345040,ACB
2018-12-07,8210,8210,8029,8130,2288776,ACB
2018-12-10,8100,8220,7950,8100,2669530,ACB
2018-12-11,7310,8230,7300,8130,2484639,ACB
2018-12-12,8050,8260,8100,8210,1157684,ACB
2018-12-13,8240,8210,8100,8160,1772531,ACB
2018-12-14,8160,8109,8039,8080,2099130,ACB
2018-12-17,8050,7940,7730,7860,2746380,ACB
2018-12-18,7810,7940,7770,7860,2694145,ACB
2018-12-19,8640,8690,7810,7860,1319853,ACB
2018-12-20,7810,7900,7800,7860,1170804,ACB
2018-12-21,7840,7870,7770,7810,1670803,ACB
2018-12-24,7440,7810,7410,7700,2237789,ACB
2018-12-25,7650,7740,7550,7650,4310235,ACB
2018-12-26,6910,7700,6900,7620,1518665,ACB
2018-12-27,7810,7900,7720,7810,2409678,ACB
2018-12-28,7840,7980,7810,7860,2193351,ACB
