,time,open,high,low,close,volume,ticker
0,2018-03-06,16690,17460,16020,16980,14922100,POW
1,2018-03-06,16690,17460,16020,16980,14922100,POW
2,2018-03-06,16690,17460,16020,16980,14922100,POW
3,2018-03-06,16690,17460,16020,16980,14922100,POW
4,2018-03-06,16690,17460,16020,16980,14922100,POW
5,2018-03-06,16690,17460,16020,16980,14922100,POW
6,2018-03-06,16690,17460,16020,16980,14922100,POW
7,2018-03-06,16690,17460,16020,16980,14922100,POW
8,2018-03-06,16690,17460,16020,16980,14922100,POW
9,2018-03-07,17360,17360,15740,16020,7174392,POW
10,2018-03-08,16410,16690,15930,16410,6824944,POW
11,2018-03-09,16309,16790,16309,16690,5309486,POW
12,2018-03-12,16880,16880,16410,16500,4343745,POW
13,2018-03-13,16500,16600,16309,16410,4454169,POW
14,2018-03-14,16410,16500,16120,16219,4455422,POW
15,2018-03-15,16309,16309,15840,15930,3704865,POW
16,2018-03-16,15930,16410,15930,16309,3923430,POW
17,2018-03-19,16410,16500,16020,16219,2652660,POW
18,2018-03-20,16219,16219,15930,15930,2469883,POW
19,2018-03-21,16219,16219,15930,15930,1929052,POW
20,2018-03-22,16020,16020,15260,15550,3131060,POW
21,2018-03-23,15260,15450,14880,15360,3356387,POW
22,2018-03-26,15260,15260,14880,14980,1932826,POW
23,2018-03-27,14980,15070,14880,14880,1055477,POW
24,2018-03-28,14880,14980,14780,14880,1694196,POW
25,2018-03-29,14980,15840,14880,15450,2103906,POW
26,2018-03-30,15550,15930,15450,15840,2354364,POW
27,2018-04-02,15840,16020,15640,15840,2577643,POW
28,2018-04-03,15840,15840,15260,15450,2257070,POW
29,2018-04-04,15740,16120,15450,15640,2402101,POW
30,2018-04-05,15740,15840,15360,15450,1725227,POW
31,2018-04-06,15450,15550,15170,15360,1731257,POW
32,2018-04-09,15360,15360,14980,15260,1733995,POW
33,2018-04-10,15170,15360,14980,15170,1485078,POW
34,2018-04-11,15170,15260,14600,14880,2053300,POW
35,2018-04-12,14880,14980,14780,14980,977010,POW
36,2018-04-13,14880,14980,14600,14880,1503780,POW
37,2018-04-16,14980,15170,14600,14780,1698800,POW
38,2018-04-17,14780,14880,14600,14880,742496,POW
39,2018-04-18,14880,14880,14310,14400,1683810,POW
40,2018-04-19,14500,14500,13830,13930,2236680,POW
41,2018-04-20,13830,14020,13540,13930,1461117,POW
42,2018-04-23,14020,14120,12780,13540,859630,POW
43,2018-04-24,13540,13640,13070,13160,1109190,POW
44,2018-04-26,13740,13830,12880,12970,2116175,POW
45,2018-04-27,13160,13160,12780,12970,1100812,POW
46,2018-05-02,12970,13540,12780,12880,1171176,POW
47,2018-05-03,12970,12970,12300,12690,1736969,POW
48,2018-05-04,12590,12880,12590,12780,976440,POW
49,2018-05-07,13160,14400,12970,13740,1944203,POW
50,2018-05-08,13930,13930,13540,13740,1537398,POW
51,2018-05-09,13740,14210,13540,13540,1083060,POW
52,2018-05-10,13540,13640,13070,13070,1152051,POW
53,2018-05-11,13160,13450,13070,13360,819030,POW
54,2018-05-14,13360,13540,13160,13450,623290,POW
55,2018-05-15,13160,13930,13160,13740,1895181,POW
56,2018-05-16,13830,13930,13640,13830,693830,POW
57,2018-05-17,13830,13930,13640,13830,1184478,POW
58,2018-05-18,13830,14310,13740,14120,1976452,POW
59,2018-05-21,14120,14310,13740,13930,3160750,POW
60,2018-05-22,13740,13830,12970,13360,1429020,POW
61,2018-05-23,13160,13740,13070,13540,1919170,POW
62,2018-05-24,13540,13740,13260,13540,388138,POW
63,2018-05-25,13360,13740,13260,13540,2197911,POW
64,2018-05-28,13360,13450,12590,12780,2170653,POW
65,2018-05-29,12690,13360,12690,13260,728556,POW
66,2018-05-30,13160,13260,12880,13070,475750,POW
67,2018-05-31,13070,13450,12970,13360,1830351,POW
68,2018-06-01,13260,13450,13260,13450,957870,POW
69,2018-06-04,13450,13540,13260,13540,745251,POW
70,2018-06-05,13540,13740,13360,13540,2905010,POW
71,2018-06-06,13540,13640,13450,13450,1186745,POW
72,2018-06-07,13540,13640,13360,13360,973810,POW
73,2018-06-08,13360,13450,12970,13260,2020050,POW
74,2018-06-11,13160,13260,12970,13260,512900,POW
75,2018-06-12,13070,13070,12880,12970,517513,POW
76,2018-06-13,12970,13160,12880,13070,790800,POW
77,2018-06-14,12970,13160,12970,12970,729128,POW
78,2018-06-15,12970,13160,12880,13160,830840,POW
79,2018-06-18,13160,13260,12780,12880,1032660,POW
80,2018-06-19,12880,12880,12020,12300,1394131,POW
81,2018-06-20,12400,12880,11920,12400,2175293,POW
82,2018-06-21,12500,12590,12210,12400,1690195,POW
83,2018-06-22,12400,12690,12400,12400,942700,POW
84,2018-06-25,12690,12780,12500,12500,986135,POW
85,2018-06-26,12690,12880,12210,12880,2845960,POW
86,2018-06-27,13160,13160,12590,12590,712980,POW
87,2018-06-28,12690,12780,12400,12500,635970,POW
88,2018-06-29,12500,12690,12300,12500,831540,POW
89,2018-07-02,12500,12500,12110,12210,730416,POW
90,2018-07-03,12210,12300,11830,11830,1193780,POW
91,2018-07-04,11830,11920,11450,11830,1150780,POW
92,2018-07-05,11730,11830,11160,11450,816591,POW
93,2018-07-06,11450,11540,10870,11260,1868830,POW
94,2018-07-09,11260,11540,10870,11160,1407200,POW
95,2018-07-10,11350,11350,10780,11060,851630,POW
96,2018-07-11,11060,11060,10300,10590,1295200,POW
97,2018-07-12,10490,10490,10210,10490,1317750,POW
98,2018-07-13,10300,10490,10210,10490,489946,POW
99,2018-07-16,10400,10590,10400,10490,315451,POW
100,2018-07-17,10590,10590,10400,10490,697600,POW
101,2018-07-18,10490,11260,10400,11260,2205187,POW
102,2018-07-19,11160,12590,11160,12400,3757005,POW
103,2018-07-20,12400,12400,12020,12300,1244770,POW
104,2018-07-23,12300,12300,11920,0,802090,POW
105,2018-07-24,12020,12300,11730,12020,1534210,POW
106,2018-07-25,12020,12210,12020,12020,1128100,POW
107,2018-07-26,12020,12210,11920,12110,607800,POW
108,2018-07-27,12110,12590,11920,12500,2084160,POW
109,2018-07-30,12500,12690,12400,12590,1077075,POW
110,2018-07-31,12500,12690,12300,12500,1040300,POW
111,2018-08-01,12400,12500,12210,12400,869520,POW
112,2018-08-02,12300,12400,12110,12300,503478,POW
113,2018-08-03,12400,12970,12300,12690,2312204,POW
114,2018-08-06,12880,12880,12590,12690,553870,POW
115,2018-08-07,12590,12780,12500,12690,721763,POW
116,2018-08-08,12780,13160,12590,13070,2619510,POW
117,2018-08-09,13160,13450,12970,13260,2164320,POW
118,2018-08-10,13260,13260,12880,13260,1147385,POW
119,2018-08-13,13070,13260,12970,13070,1984650,POW
120,2018-08-14,13070,13070,12780,12780,988038,POW
121,2018-08-15,12880,12970,12210,12400,1169172,POW
122,2018-08-16,12300,12400,12110,12400,942255,POW
123,2018-08-17,12590,12780,12400,12590,808090,POW
124,2018-08-20,12590,12690,12400,12400,270855,POW
125,2018-08-21,12500,12690,12400,12400,471320,POW
126,2018-08-22,12590,12690,12400,12500,502713,POW
127,2018-08-23,12590,12690,12500,12590,448010,POW
128,2018-08-24,12690,12690,12500,12500,273220,POW
129,2018-08-27,12500,12690,12400,12690,1136652,POW
130,2018-08-28,12690,12780,12590,12690,1527425,POW
131,2018-08-29,12690,13360,12690,13260,3400083,POW
132,2018-08-30,13260,13540,13070,13450,2004651,POW
133,2018-08-31,13640,13640,13260,13450,3188217,POW
134,2018-09-04,13450,13450,13160,13160,1650290,POW
135,2018-09-05,13070,13160,12780,13070,1462960,POW
136,2018-09-06,12880,13260,12880,13160,591107,POW
137,2018-09-07,13070,13540,13070,13450,1986280,POW
138,2018-09-10,13540,13930,13450,13930,4048811,POW
139,2018-09-11,13930,14310,13830,14310,4406265,POW
140,2018-09-12,14310,14400,14020,14020,1712540,POW
141,2018-09-13,14020,14210,13930,14020,1475238,POW
142,2018-09-14,13930,14310,13930,14120,1299603,POW
143,2018-09-17,14120,14600,14120,14400,2722172,POW
144,2018-09-18,14400,14400,14210,14400,2865790,POW
145,2018-09-19,14400,14690,14210,14600,2621699,POW
146,2018-09-20,14690,15640,14690,15550,4010545,POW
147,2018-09-21,15740,15740,14780,15170,3322352,POW
148,2018-09-24,15170,15360,14980,15170,1859443,POW
149,2018-09-25,15070,15550,15070,15360,2615932,POW
150,2018-09-26,15360,15450,15170,15260,2119376,POW
151,2018-09-27,15260,15450,15170,15450,2097285,POW
152,2018-09-28,15450,15930,15450,15930,5984645,POW
153,2018-10-01,15930,16120,15640,15740,3473515,POW
154,2018-10-02,15930,16020,15640,15840,4365303,POW
155,2018-10-03,15740,15930,15640,15840,1705816,POW
156,2018-10-04,16020,16020,15640,15740,3301577,POW
157,2018-10-05,15740,15740,15070,15170,3367523,POW
158,2018-10-08,15360,15360,14690,14780,2445695,POW
159,2018-10-09,14780,14880,14310,14500,2149499,POW
160,2018-10-10,14600,14880,14400,14780,1646091,POW
161,2018-10-11,14500,14600,13160,13740,4019253,POW
162,2018-10-12,13450,14500,13160,14400,2866537,POW
163,2018-10-15,14400,14500,14020,14120,1275500,POW
164,2018-10-16,14210,14310,13830,13930,1852950,POW
165,2018-10-17,14120,14500,14020,14120,989425,POW
166,2018-10-18,14120,14210,13740,13740,1474055,POW
167,2018-10-19,13740,13740,13450,13540,2106500,POW
168,2018-10-22,13640,13830,13450,13540,803910,POW
169,2018-10-23,13450,13540,13160,13450,1658420,POW
170,2018-10-24,13360,13540,12780,13070,1657100,POW
171,2018-10-25,12690,13160,12400,13160,1658171,POW
172,2018-10-26,13070,13360,12970,13160,592140,POW
173,2018-10-29,13070,13160,12880,12880,625800,POW
174,2018-10-30,12970,12970,12780,12970,809993,POW
175,2018-10-31,13160,13360,12970,13260,822940,POW
176,2018-11-01,13160,13160,12970,12970,455510,POW
177,2018-11-02,12970,13260,12970,13160,559767,POW
178,2018-11-05,13070,13260,12970,13160,493960,POW
179,2018-11-06,13160,13540,13160,13360,1149809,POW
180,2018-11-07,13360,13360,13070,13260,385667,POW
181,2018-11-08,13360,13740,13260,13740,1541791,POW
182,2018-11-09,13640,13640,13160,13160,865720,POW
183,2018-11-12,13070,13360,13070,13260,422097,POW
184,2018-11-13,13160,13260,12970,13160,586620,POW
185,2018-11-14,13070,13160,12780,12880,666702,POW
186,2018-11-15,12970,12970,12690,12780,435230,POW
187,2018-11-16,12880,13740,12880,13540,2029903,POW
188,2018-11-19,13740,13930,13450,13640,1083143,POW
189,2018-11-20,13540,13640,13360,13540,608860,POW
190,2018-11-21,13360,13640,13070,13540,705927,POW
191,2018-11-22,13450,13930,13450,13930,1713090,POW
192,2018-11-23,14120,14120,13640,13740,1279600,POW
193,2018-11-26,13740,14600,13740,14400,1481185,POW
194,2018-11-27,14400,14500,14020,14120,1115600,POW
195,2018-11-28,14210,14310,14120,14210,647448,POW
196,2018-11-29,14310,14400,13930,14020,1219592,POW
197,2018-11-30,14020,14120,13830,14120,738390,POW
198,2018-12-03,14310,14400,14120,14310,1255405,POW
199,2018-12-04,14310,14980,14310,14880,3482852,POW
200,2018-12-05,14690,14880,14500,14880,1799701,POW
201,2018-12-06,14880,14880,14500,14690,1615808,POW
202,2018-12-07,14690,14780,14600,14780,1204452,POW
203,2018-12-10,14780,14780,14500,14600,1176472,POW
204,2018-12-11,14500,14600,14210,14310,1740230,POW
205,2018-12-12,14400,14690,14400,14600,540080,POW
206,2018-12-13,14690,14780,14600,14690,896689,POW
207,2018-12-14,14690,16219,14500,14500,1083590,POW
208,2018-12-17,14600,14600,14120,14120,983130,POW
209,2018-12-18,14020,14310,13740,14310,1879706,POW
210,2018-12-19,14310,14400,14120,14310,1034990,POW
211,2018-12-20,14120,14400,13740,14310,707270,POW
212,2018-12-21,14310,14310,14120,14310,951510,POW
213,2018-12-24,12780,14310,12780,14120,947390,POW
214,2018-12-25,13930,14120,13540,14020,1487785,POW
215,2018-12-26,14020,14210,12020,14210,1406680,POW
216,2018-12-27,14310,15360,14210,15260,6707000,POW
217,2019-01-14,14980,15070,14600,14880,5012350,POW
218,2019-01-15,14930,15070,14640,14980,2169510,POW
219,2019-01-16,14980,14980,14830,14880,2143250,POW
220,2019-01-17,14830,14980,14740,14880,2113620,POW
221,2019-01-18,14780,14830,14500,14500,1448780,POW
222,2019-01-21,14500,14830,14120,14640,1817190,POW
223,2019-01-22,14640,14830,14640,14780,1768140,POW
224,2019-01-23,14780,14780,14640,14780,977240,POW
225,2019-01-24,14690,14780,14640,14690,517110,POW
226,2019-01-25,14690,14690,14600,14690,435200,POW
227,2019-01-28,14690,15120,14690,15020,3064880,POW
228,2019-01-29,15070,15640,14930,15550,4980230,POW
229,2019-01-30,15550,16550,15550,16020,7552940,POW
230,2019-01-31,16020,16170,15640,15690,2362380,POW
231,2019-02-01,15600,15930,15600,15790,1619200,POW
232,2019-02-11,15880,16309,15880,16170,3752380,POW
233,2019-02-12,16219,16219,16070,16120,2686510,POW
234,2019-02-13,16120,16120,15930,16070,3916110,POW
235,2019-02-14,16020,16410,15930,16070,5089900,POW
236,2019-02-15,16170,16219,15980,15980,3055960,POW
237,2019-02-15,16170,16219,15980,15980,3055960,POW
238,2019-02-18,16070,16690,16070,16690,8489990,POW
239,2019-02-19,16690,16790,16120,16170,3702110,POW
240,2019-02-20,16120,16219,15790,15790,3391290,POW
241,2019-02-21,15740,16020,15600,15690,4536990,POW
242,2019-02-22,15690,15790,15220,15450,5377940,POW
243,2019-02-25,15450,15740,15450,15640,1893470,POW
244,2019-02-26,15640,15690,15400,15500,1675950,POW
245,2019-02-27,15500,15740,15500,15640,1365590,POW
246,2019-02-28,15690,15690,15360,15360,1692050,POW
247,2019-03-01,15360,15930,15310,15930,2603830,POW
248,2019-03-04,16020,16170,15690,15690,2024920,POW
249,2019-03-05,15840,16309,15690,16020,3907610,POW
250,2019-03-06,16120,16260,15880,16070,2418960,POW
251,2019-03-07,16120,16219,15930,16170,1974070,POW
252,2019-03-08,16020,16020,15840,15930,1326590,POW
253,2019-03-11,15930,15930,15400,15600,2640560,POW
254,2019-03-12,15790,15930,15450,15600,3079800,POW
255,2019-03-13,15930,15980,15740,15740,2715120,POW
256,2019-03-14,15790,15840,15690,15790,1338070,POW
257,2019-03-15,15840,15840,15550,15550,1643500,POW
258,2019-03-18,15550,15550,14880,15070,5694310,POW
259,2019-03-19,15070,15360,14780,14830,2644790,POW
260,2019-03-20,14830,15400,14550,15120,4660610,POW
261,2019-03-21,15220,15260,14600,14600,2162840,POW
262,2019-03-22,14600,14930,14600,14780,2211480,POW
263,2019-03-25,14400,14550,14160,14210,3191830,POW
264,2019-03-26,14450,14450,14120,14160,1539410,POW
265,2019-03-27,14310,14830,14310,14690,3047950,POW
266,2019-03-28,14640,14690,14550,14550,457770,POW
267,2019-03-29,14690,14740,14450,14450,696560,POW
268,2019-04-01,14500,14600,14360,14600,1403170,POW
269,2019-04-02,14780,14830,14600,14600,2096660,POW
270,2019-04-03,14640,14640,14500,14600,587910,POW
271,2019-04-04,14690,14740,14550,14550,1308300,POW
272,2019-04-05,14690,14830,14550,14690,1648190,POW
273,2019-04-08,14740,14880,14690,14830,2362440,POW
274,2019-04-09,14930,14930,14550,14550,999160,POW
275,2019-04-10,14550,14550,14310,14360,1394870,POW
276,2019-04-11,14400,14450,14310,14360,681090,POW
277,2019-04-12,14310,14450,14260,14450,600920,POW
278,2019-04-16,14360,14360,14210,14310,671970,POW
279,2019-04-17,14400,14400,13980,13980,1109360,POW
280,2019-04-18,13980,14260,13640,13740,1797300,POW
281,2019-04-19,13740,13930,13310,13450,2911730,POW
282,2019-04-22,13450,13690,13360,13590,644070,POW
283,2019-04-23,13540,13830,13360,13500,1585540,POW
284,2019-04-24,13540,13830,13450,13830,1116670,POW
285,2019-04-25,13830,13830,13590,13690,507830,POW
286,2019-04-26,13540,14120,13500,14120,1125830,POW
287,2019-05-02,14120,14160,13930,13980,741980,POW
288,2019-05-03,13980,14020,13880,13930,548580,POW
289,2019-05-06,13540,13740,13450,13590,719510,POW
290,2019-05-07,13590,13690,13260,13260,1733430,POW
291,2019-05-08,13260,13360,13020,13070,1830900,POW
292,2019-05-09,13210,13260,12690,12880,2839890,POW
293,2019-05-10,13020,13020,12740,12970,1510150,POW
294,2019-05-13,13160,13640,13160,13590,2065340,POW
295,2019-05-14,13740,14500,13740,14500,5562230,POW
296,2019-05-15,15020,15220,14740,14780,4049060,POW
297,2019-05-16,14690,14880,14500,14500,2155740,POW
298,2019-05-17,14600,14930,14550,14740,3015910,POW
299,2019-05-20,14780,14880,14690,14780,2200780,POW
300,2019-05-21,14780,14880,14640,14690,2095150,POW
301,2019-05-22,14740,15020,14690,14740,2668910,POW
302,2019-05-23,14640,14780,14600,14780,1087530,POW
303,2019-05-24,14780,15070,14600,14980,2890960,POW
304,2019-05-27,15070,15220,14980,15070,2310430,POW
305,2019-05-28,15260,15450,15070,15260,5215080,POW
306,2019-05-29,15070,15170,14980,14980,1945380,POW
307,2019-05-30,15070,15070,14930,14980,1021950,POW
308,2019-05-31,14980,14980,14550,14550,1733870,POW
309,2019-06-03,14450,14690,14210,14500,1182880,POW
310,2019-06-04,14500,14880,14500,14780,857300,POW
311,2019-06-05,14880,14930,14780,14880,1431870,POW
312,2019-06-06,14880,15020,14780,15020,1463300,POW
313,2019-06-07,15120,15360,15120,15310,3216140,POW
314,2019-06-10,15550,15640,15310,15360,2921550,POW
315,2019-06-11,15360,15400,15070,15120,1320290,POW
316,2019-06-12,15120,15120,14930,15020,1922670,POW
317,2019-06-13,15020,15020,14740,14880,1315050,POW
318,2019-06-14,14690,15020,14690,14880,520010,POW
319,2019-06-17,15220,15260,14980,15220,3637680,POW
320,2019-06-18,15260,15310,15020,15070,3147750,POW
321,2019-06-19,15170,15170,14930,14930,1797490,POW
322,2019-06-20,14880,14930,14740,14780,1217460,POW
323,2019-06-21,14690,14980,14600,14690,33346330,POW
324,2019-06-24,14690,14690,14120,14160,2920390,POW
325,2019-06-25,14160,14500,14070,14160,2049410,POW
326,2019-06-26,14160,14310,14120,14120,882080,POW
327,2019-06-27,14120,14160,13740,13780,1137220,POW
328,2019-06-28,13780,14500,13690,14500,2710410,POW
329,2019-07-01,14310,14400,14210,14310,935300,POW
330,2019-07-02,14310,14310,13830,14120,355030,POW
331,2019-07-03,14020,14160,13930,14070,494650,POW
332,2019-07-04,14160,14260,14020,14120,541380,POW
333,2019-07-05,14160,14160,13980,14020,563140,POW
334,2019-07-08,14020,14120,13930,13980,563020,POW
335,2019-07-09,13930,14020,13830,13830,461750,POW
336,2019-07-10,13930,14160,13930,14020,990310,POW
337,2019-07-11,14120,14160,13980,14120,588150,POW
338,2019-07-12,14210,14310,14020,14210,1071280,POW
339,2019-07-15,14070,14210,14020,14020,410750,POW
340,2019-07-16,14020,14120,13930,13930,1042270,POW
341,2019-07-17,13930,13930,13780,13880,640600,POW
342,2019-07-18,13880,13880,13640,13690,886370,POW
343,2019-07-19,13740,13830,13360,13400,1377980,POW
344,2019-07-22,13450,13740,13260,13360,1507590,POW
345,2019-07-23,13360,13500,13310,13450,668930,POW
346,2019-07-24,13740,13740,13400,13400,698410,POW
347,2019-07-25,13640,13640,13450,13500,1064760,POW
348,2019-07-26,13640,13740,13500,13500,948270,POW
349,2019-07-29,13590,13640,13310,13400,785670,POW
350,2019-07-30,13400,13450,13160,13160,1393240,POW
351,2019-07-31,13160,13450,13070,13450,981860,POW
352,2019-08-01,13540,13590,13160,13260,1116990,POW
353,2019-08-02,13310,13590,13160,13360,2041200,POW
354,2019-08-05,13400,13690,13260,13260,1529800,POW
355,2019-08-06,12780,13210,12780,12830,1577560,POW
356,2019-08-07,12880,13160,12740,12780,2120610,POW
357,2019-08-08,12830,12920,12640,12740,1407860,POW
358,2019-08-09,12920,12970,12780,12830,1188030,POW
359,2019-08-12,12880,12920,12690,12690,1058150,POW
360,2019-08-13,12690,12740,12160,12300,2625640,POW
361,2019-08-14,12500,12590,12300,12300,1316790,POW
362,2019-08-15,12070,12300,12020,12210,900070,POW
363,2019-08-16,12210,12400,12210,12300,1054600,POW
364,2019-08-19,12540,12540,12210,12350,937260,POW
365,2019-08-20,12350,12450,12300,12350,821310,POW
366,2019-08-21,12400,12690,12350,12690,2333080,POW
367,2019-08-22,12780,12830,12640,12640,1289090,POW
368,2019-08-23,12690,12690,12590,12590,924650,POW
369,2019-08-26,12400,12590,12300,12300,1082960,POW
370,2019-08-27,12350,12540,12300,12540,1379470,POW
371,2019-08-28,12540,12590,12300,12300,730320,POW
372,2019-08-29,12400,12400,12210,12210,744490,POW
373,2019-08-30,12350,12400,12260,12300,309500,POW
374,2019-09-03,12400,12400,12260,12300,324860,POW
375,2019-09-04,12300,12350,12210,12300,278680,POW
376,2019-09-05,12300,12350,12210,12260,404840,POW
377,2019-09-06,12350,12350,12210,12210,230770,POW
378,2019-09-09,12210,12300,12020,12020,628570,POW
379,2019-09-10,12020,12160,11730,11730,763800,POW
380,2019-09-11,11730,11830,11540,11640,559360,POW
381,2019-09-12,11640,12070,11640,11830,720450,POW
382,2019-09-13,11920,12210,11920,12070,802520,POW
383,2019-09-16,12300,12350,12070,12110,820120,POW
384,2019-09-17,12070,12110,11920,11920,522850,POW
385,2019-09-18,11920,12300,11920,12110,713690,POW
386,2019-09-19,12210,12210,12070,12110,707480,POW
387,2019-09-20,12160,12160,11970,11970,1311040,POW
388,2019-09-23,11970,12160,11970,11970,650780,POW
389,2019-09-24,11970,12020,11920,11920,485060,POW
390,2019-09-25,11920,11970,11730,11780,979390,POW
391,2019-09-26,11880,11880,11640,11730,1515400,POW
392,2019-09-27,11920,12260,11780,12110,3040780,POW
393,2019-09-30,12160,12500,12110,12300,2611700,POW
394,2019-10-01,12300,12400,12210,12260,1071420,POW
395,2019-10-02,12260,12260,12110,12210,949780,POW
396,2019-10-03,12110,12160,11920,12020,1066530,POW
397,2019-10-04,12070,12400,12070,12260,2776940,POW
398,2019-10-07,12260,12500,12260,12400,2550910,POW
399,2019-10-08,12500,12590,12260,12350,1731410,POW
400,2019-10-09,12350,12400,12260,12260,1281030,POW
401,2019-10-10,12300,12400,12210,12300,2137300,POW
402,2019-10-11,12350,12350,12110,12160,1290330,POW
403,2019-10-14,12210,12300,12110,12260,1608460,POW
404,2019-10-15,12210,12260,12160,12210,1110460,POW
405,2019-10-16,12260,12640,12210,12540,4518750,POW
406,2019-10-17,12640,12690,12500,12590,1820970,POW
407,2019-10-18,12640,12880,12640,12690,4298110,POW
408,2019-10-21,12690,12690,12500,12540,1395670,POW
409,2019-10-22,12540,12540,12350,12450,2448870,POW
410,2019-10-23,12450,12590,12300,12400,2690170,POW
411,2019-10-24,12500,12590,12450,12500,1342400,POW
412,2019-10-25,12590,12690,12500,12590,1917280,POW
413,2019-10-28,12640,12690,12500,12500,1910680,POW
414,2019-10-29,12450,12590,12300,12300,2227560,POW
415,2019-10-30,12300,12450,12260,12350,1328290,POW
416,2019-10-31,12500,12740,12400,12450,2865390,POW
417,2019-11-01,12540,12920,12400,12920,3475030,POW
418,2019-11-04,12970,13310,12830,13120,5394180,POW
419,2019-11-05,13160,13210,13070,13070,2233670,POW
420,2019-11-06,13070,13210,12970,12970,3032590,POW
421,2019-11-07,13120,13120,12920,12970,1584190,POW
422,2019-11-08,13070,13070,12880,12880,1541280,POW
423,2019-11-11,12920,12920,12740,12780,2413190,POW
424,2019-11-12,12780,12830,12690,12780,1766020,POW
425,2019-11-13,12780,12970,12780,12780,1900110,POW
426,2019-11-14,12780,12880,12740,12780,1245380,POW
427,2019-11-15,12830,12880,12740,12830,1774620,POW
428,2019-11-18,12970,13070,12880,13020,2409180,POW
429,2019-11-19,13070,13160,13020,13120,1239810,POW
430,2019-11-20,13160,13210,13020,13070,1408400,POW
431,2019-11-21,13070,13070,12880,13070,1206600,POW
432,2019-11-22,13020,13070,12690,12690,1981770,POW
433,2019-11-25,12740,12780,12540,12690,1251490,POW
434,2019-11-26,12690,12830,12640,12780,1976450,POW
435,2019-11-27,12740,12830,12590,12640,1190110,POW
436,2019-11-28,12640,12640,12260,12300,2086560,POW
437,2019-11-29,12300,12350,12110,12210,1573450,POW
438,2019-12-02,12210,12540,11920,12020,1412320,POW
439,2019-12-03,11920,12020,11730,11830,2078100,POW
440,2019-12-04,11730,12110,11730,12110,873600,POW
441,2019-12-05,12160,12160,11970,12070,843930,POW
442,2019-12-06,12020,12070,11970,12070,462520,POW
443,2019-12-09,12110,12110,11970,12020,782040,POW
444,2019-12-10,11970,12020,11780,11780,1932240,POW
445,2019-12-11,11830,11920,11780,11920,583750,POW
446,2019-12-12,11970,11970,11830,11830,752860,POW
447,2019-12-13,11880,11920,11780,11780,994940,POW
448,2019-12-16,11830,12070,11780,12070,1470600,POW
449,2019-12-17,12110,12110,11780,11780,704870,POW
450,2019-12-18,11780,11880,11730,11780,1228730,POW
451,2019-12-19,11830,11970,11780,11880,983350,POW
452,2019-12-20,11920,11970,11780,11780,2979160,POW
453,2019-12-23,11880,11970,11830,11830,1691740,POW
454,2019-12-24,11920,11970,11780,11830,964320,POW
455,2019-12-25,11830,11830,11590,11730,2503850,POW
456,2019-12-26,11680,11780,11640,11680,818600,POW
457,2019-12-27,11680,11730,11160,11210,3954730,POW
458,2019-12-30,11160,11260,10830,10970,3067050,POW
459,2019-12-31,10970,11060,10870,10920,1263220,POW
460,2020-01-02,10970,11350,10920,11350,1569270,POW
461,2020-01-03,11350,11450,11110,11160,1245410,POW
462,2020-01-06,11110,11160,10830,10830,2064670,POW
463,2020-01-07,10870,10920,10680,10730,1893960,POW
464,2020-01-08,10680,10680,10020,10250,5339280,POW
465,2020-01-09,10350,10590,10300,10400,2226540,POW
466,2020-01-10,10440,10640,10300,10590,1461150,POW
467,2020-01-13,10590,10590,10490,10490,1298370,POW
468,2020-01-14,10590,10590,10400,10400,1438620,POW
469,2020-01-15,10400,10400,10300,10400,1119580,POW
470,2020-01-16,10490,10540,10400,10490,1479520,POW
471,2020-01-17,10540,10540,10300,10300,1629430,POW
472,2020-01-20,10300,10400,10160,10210,1136080,POW
473,2020-01-21,10400,10680,10400,10400,2980510,POW
474,2020-01-22,10490,10640,10440,10590,1844340,POW
475,2020-01-30,10490,10830,10490,10590,3263130,POW
476,2020-01-31,10590,10680,10020,10020,2556250,POW
477,2020-02-03,9440,9730,9320,9530,3839880,POW
478,2020-02-04,9630,9730,9060,9060,3640180,POW
479,2020-02-05,9160,9250,9030,9130,2301300,POW
480,2020-02-06,9170,9590,9120,9590,2202420,POW
481,2020-02-07,9590,9630,9430,9450,1520380,POW
482,2020-02-10,9250,9350,9200,9230,1441160,POW
483,2020-02-11,9270,9500,9250,9400,1775070,POW
484,2020-02-12,9480,10060,9440,10060,3050250,POW
485,2020-02-13,10210,10440,9870,10060,3076810,POW
486,2020-02-14,10020,10060,9820,9920,1156570,POW
487,2020-02-14,10020,10060,9820,9920,1156570,POW
488,2020-02-17,9870,9970,9780,9870,2084770,POW
489,2020-02-18,9920,9970,9820,9870,1786200,POW
490,2020-02-19,9920,10110,9870,9970,1982300,POW
491,2020-02-20,10020,10440,10020,10400,4728350,POW
492,2020-02-21,10400,10440,10160,10250,1762570,POW
493,2020-02-24,9920,9970,9540,9540,3312940,POW
494,2020-02-25,9180,9520,9180,9490,3369430,POW
495,2020-02-26,9250,9920,9250,9730,2278130,POW
496,2020-02-27,9730,9870,9540,9630,1045640,POW
497,2020-02-28,9440,9520,9300,9400,2284820,POW
498,2020-03-02,9400,9530,9330,9520,1786920,POW
499,2020-03-03,9730,9780,9470,9470,2539230,POW
500,2020-03-04,9490,9630,9440,9500,2680650,POW
501,2020-03-05,9680,9920,9630,9730,3579000,POW
502,2020-03-06,9680,9780,9540,9630,2292720,POW
503,2020-03-09,8970,9350,8970,8970,4943410,POW
504,2020-03-10,8780,9150,8590,9060,2871290,POW
505,2020-03-11,9130,9200,8560,8600,5177740,POW
506,2020-03-12,8109,8250,8000,8000,5361200,POW
507,2020-03-13,7460,8490,7450,8490,4570810,POW
508,2020-03-16,8390,8470,7930,8470,3241750,POW
509,2020-03-17,8020,8960,8020,8440,3061070,POW
510,2020-03-18,8490,8540,8220,8360,1935700,POW
511,2020-03-19,8119,8290,8010,8080,2633250,POW
512,2020-03-20,8109,8300,8020,8070,1980340,POW
513,2020-03-23,7770,8070,7510,7510,4628880,POW
514,2020-03-24,7160,7440,7120,7180,5979090,POW
515,2020-03-25,7520,7560,7410,7490,2458770,POW
516,2020-03-26,7440,7440,7250,7250,2129230,POW
517,2020-03-27,7200,7620,7200,7270,3296170,POW
518,2020-03-30,6870,7150,6760,6810,6321180,POW
519,2020-03-31,6810,6980,6530,6760,3326670,POW
520,2020-04-01,6680,7020,6680,7020,2786690,POW
521,2020-04-03,7230,7380,7150,7340,4559830,POW
522,2020-04-06,7440,7810,7440,7760,5085950,POW
523,2020-04-07,7820,7820,7490,7620,3974120,POW
524,2020-04-08,7540,8150,7390,8150,9412400,POW
525,2020-04-09,8590,8590,8300,8310,8939620,POW
526,2020-04-10,8310,8310,8109,8140,4340530,POW
527,2020-04-13,8109,8590,8109,8390,9334920,POW
528,2020-04-14,8490,8690,8440,8630,8810870,POW
529,2020-04-15,8630,8760,8600,8640,5992790,POW
530,2020-04-16,8620,8620,8460,8540,6101990,POW
531,2020-04-17,8680,8730,8600,8620,7226610,POW
532,2020-04-20,8630,9200,8630,8970,9313990,POW
533,2020-04-21,8740,9270,8680,8900,8218710,POW
534,2020-04-22,8730,9200,8730,9040,6720180,POW
535,2020-04-23,9220,9240,9060,9060,5040470,POW
536,2020-04-24,9060,9110,8910,9110,4195500,POW
537,2020-04-27,9230,9520,9200,9440,7551040,POW
538,2020-04-28,9440,9820,9440,9820,6732100,POW
539,2020-04-29,9820,10210,9820,10060,7596170,POW
540,2020-05-04,9490,9780,9370,9370,9813410,POW
541,2020-05-05,9370,9370,9070,9220,4936160,POW
542,2020-05-06,9120,9490,9120,9490,3990060,POW
543,2020-05-07,9500,9730,9490,9730,5567040,POW
544,2020-05-08,9730,9920,9540,9630,9446390,POW
545,2020-05-11,9630,9730,9510,9680,6886910,POW
546,2020-05-12,9680,10210,9540,9920,9616910,POW
547,2020-05-13,9920,10060,9680,9820,5437450,POW
548,2020-05-14,9780,9820,9680,9680,4737210,POW
549,2020-05-15,9680,9870,9520,9540,6774570,POW
550,2020-05-18,9590,9680,9500,9630,4182830,POW
551,2020-05-19,9820,9820,9680,9730,5691970,POW
552,2020-05-20,9730,9780,9630,9730,2829110,POW
553,2020-05-21,9780,9820,9630,9730,3418370,POW
554,2020-05-22,9680,9730,9630,9630,3427860,POW
555,2020-05-25,9630,9920,9540,9730,6129070,POW
556,2020-05-26,9820,10210,9780,10110,9494050,POW
557,2020-05-27,10300,10350,9820,9820,6554400,POW
558,2020-05-28,9870,10020,9780,9920,4370760,POW
559,2020-05-29,9920,9920,9780,9780,3266210,POW
560,2020-06-01,9820,10020,9730,9970,5895450,POW
561,2020-06-02,9970,10300,9920,10020,8399210,POW
562,2020-06-03,10020,10110,10020,10110,1852120,POW
563,2020-06-04,10110,10210,10060,10110,4422880,POW
564,2020-06-05,9970,10110,9970,10060,3629740,POW
565,2020-06-08,10110,10440,10060,10210,9229590,POW
566,2020-06-09,10210,10680,10160,10540,11287760,POW
567,2020-06-10,10590,11060,10440,10730,8462490,POW
568,2020-06-11,10730,10870,10020,10020,8025890,POW
569,2020-06-12,9540,9970,9490,9970,8061350,POW
570,2020-06-15,10160,10400,9970,10020,7993180,POW
571,2020-06-16,10350,10350,10110,10210,2829510,POW
572,2020-06-17,10250,10300,9970,10060,2289770,POW
573,2020-06-18,9920,10020,9820,9920,2110880,POW
574,2020-06-19,9970,10060,9920,9920,5510450,POW
575,2020-06-22,10020,10210,9970,10020,3155170,POW
576,2020-06-23,10020,10110,9920,10020,3121350,POW
577,2020-06-24,10020,10060,9820,9870,3628640,POW
578,2020-06-25,9730,9820,9680,9780,2011800,POW
579,2020-06-26,9920,9920,9680,9730,2136030,POW
580,2020-06-29,9680,9680,9260,9350,6871990,POW
581,2020-06-30,9540,9540,9080,9250,3469960,POW
582,2020-07-01,9220,9390,9220,9350,3392940,POW
583,2020-07-02,9400,9400,9160,9170,3584950,POW
584,2020-07-03,9200,9300,9200,9220,2215180,POW
585,2020-07-06,9300,9530,9230,9530,2493770,POW
586,2020-07-07,9540,9680,9440,9440,2967540,POW
587,2020-07-08,9400,9470,9390,9400,1789350,POW
588,2020-07-09,9400,9590,9400,9520,2363370,POW
589,2020-07-10,9510,9680,9510,9590,4168490,POW
590,2020-07-13,9680,9680,9540,9590,2304090,POW
591,2020-07-14,9540,9590,9490,9590,1668900,POW
592,2020-07-15,9630,9680,9540,9540,1994200,POW
593,2020-07-16,9590,9630,9540,9630,2230860,POW
594,2020-07-17,9630,9630,9540,9540,2046110,POW
595,2020-07-20,9540,9590,9400,9400,2396230,POW
596,2020-07-21,9430,9430,9340,9370,2969690,POW
597,2020-07-22,9370,9390,9270,9280,2040390,POW
598,2020-07-23,9270,9290,9150,9200,2756070,POW
599,2020-07-24,9170,9190,8570,8880,8622390,POW
600,2020-07-27,8300,8570,8260,8390,6562990,POW
601,2020-07-28,8400,8940,8400,8880,4564900,POW
602,2020-07-29,8590,8780,8440,8780,3664080,POW
603,2020-07-30,8620,8880,8620,8880,1905540,POW
604,2020-07-31,8700,8830,8680,8730,1251940,POW
605,2020-08-03,8730,8870,8710,8820,3426170,POW
606,2020-08-04,8870,8960,8870,8910,2082970,POW
607,2020-08-05,8920,9110,8870,9100,3235640,POW
608,2020-08-06,9080,9110,8980,9010,3196010,POW
609,2020-08-07,9010,9010,8910,8970,2093060,POW
610,2020-08-10,9040,9440,9010,9220,3089970,POW
611,2020-08-11,9220,9310,9070,9150,1769040,POW
612,2020-08-12,9150,9310,9150,9280,3841950,POW
613,2020-08-13,9480,9490,9280,9480,3688550,POW
614,2020-08-14,9540,9680,9490,9530,5822250,POW
615,2020-08-17,9540,9540,9350,9400,2572150,POW
616,2020-08-18,9400,9480,9370,9420,1150340,POW
617,2020-08-19,9440,9730,9060,9730,3988970,POW
618,2020-08-20,9730,9730,9490,9540,3244160,POW
619,2020-08-21,9590,9630,9490,9590,1750300,POW
620,2020-08-24,9680,9680,9540,9630,3766280,POW
621,2020-08-25,9630,9730,9540,9540,3296630,POW
622,2020-08-26,9540,9680,9490,9590,3805950,POW
623,2020-08-27,9630,9730,9590,9590,2666720,POW
624,2020-08-28,9630,9780,9630,9630,4044750,POW
625,2020-08-31,9680,9730,9540,9590,2433320,POW
626,2020-09-01,9590,9630,9520,9590,2752820,POW
627,2020-09-03,9630,10020,9590,10020,9666670,POW
628,2020-09-04,9820,9970,9780,9920,2306270,POW
629,2020-09-07,9920,9970,9590,9590,3614980,POW
630,2020-09-08,9590,9630,9510,9590,5113310,POW
631,2020-09-09,9440,9590,9430,9540,2351140,POW
632,2020-09-10,9590,9680,9540,9590,1980990,POW
633,2020-09-11,9540,9630,9500,9540,4063310,POW
634,2020-09-14,9540,9630,9530,9540,4308150,POW
635,2020-09-15,9540,9730,9540,9680,4040120,POW
636,2020-09-16,9680,9730,9590,9680,1159380,POW
637,2020-09-17,9680,9730,9540,9540,2820640,POW
638,2020-09-18,9590,9630,9530,9540,7011680,POW
639,2020-09-21,9630,9680,9540,9630,4680630,POW
640,2020-09-22,9590,9630,9540,9540,5109720,POW
641,2020-09-23,9630,9920,9590,9920,12209340,POW
642,2020-09-24,9920,10020,9730,9780,4775560,POW
643,2020-09-25,9820,9820,9630,9680,2824500,POW
644,2020-09-28,9730,9780,9630,9680,4881850,POW
645,2020-09-29,9780,9920,9680,9680,9799620,POW
646,2020-09-30,9680,9870,9680,9780,3394810,POW
647,2020-10-01,9820,9870,9730,9820,5052340,POW
648,2020-10-02,9870,10300,9820,10110,18218010,POW
649,2020-10-05,10350,10490,10250,10400,6133970,POW
650,2020-10-06,10440,10440,10210,10250,6445070,POW
651,2020-10-07,10210,10300,10060,10060,8011390,POW
652,2020-10-08,10160,10160,9970,10020,6586690,POW
653,2020-10-09,10110,10250,10020,10060,4068630,POW
654,2020-10-12,10110,10210,9820,9870,6611940,POW
655,2020-10-13,9920,9920,9780,9780,3308250,POW
656,2020-10-14,9820,9870,9630,9730,8209070,POW
657,2020-10-15,9730,9820,9630,9680,6120520,POW
658,2020-10-16,9730,9970,9630,9820,4795660,POW
659,2020-10-19,9920,9920,9630,9680,6144040,POW
660,2020-10-20,9780,9780,9630,9730,4923960,POW
661,2020-10-21,9730,9780,9680,9680,2587590,POW
662,2020-10-22,9730,9920,9680,9870,6070070,POW
663,2020-10-23,9920,9970,9730,9820,2577600,POW
664,2020-10-26,9820,9870,9630,9630,5099730,POW
665,2020-10-27,9590,9630,9450,9450,10985620,POW
666,2020-10-28,9440,9480,9220,9230,6636170,POW
667,2020-10-29,9110,9320,9090,9150,6089210,POW
668,2020-10-30,9300,9300,8920,8970,7354330,POW
669,2020-11-02,8970,9110,8970,9060,2665030,POW
670,2020-11-03,9160,9280,9110,9250,2808170,POW
671,2020-11-04,9250,9490,9220,9390,5480690,POW
672,2020-11-05,9400,9400,9310,9320,3329460,POW
673,2020-11-06,9320,9360,9270,9330,2033990,POW
674,2020-11-09,9420,9590,9400,9590,5254870,POW
675,2020-11-10,9730,9730,9530,9540,5592880,POW
676,2020-11-11,9540,9590,9430,9440,5392480,POW
677,2020-11-12,9490,9540,9470,9500,2591170,POW
678,2020-11-13,9520,9590,9500,9540,3946820,POW
679,2020-11-16,9590,9630,9160,9350,6044390,POW
680,2020-11-17,9440,9540,9400,9490,4452930,POW
681,2020-11-18,9640,9640,9540,9570,6919760,POW
682,2020-11-19,9590,9730,9560,9690,6105850,POW
683,2020-11-20,9740,9800,9700,9720,5255050,POW
684,2020-11-23,9780,9880,9750,9790,6737920,POW
685,2020-11-24,9840,9840,9680,9740,4645630,POW
686,2020-11-25,9740,9820,9680,9700,4487940,POW
687,2020-11-26,9700,9790,9640,9720,3336750,POW
688,2020-11-27,9800,10180,9800,10080,19544810,POW
689,2020-11-30,10180,10180,9930,9930,6046730,POW
690,2020-12-01,9840,10030,9740,9930,8243970,POW
691,2020-12-02,9980,10620,9930,10620,24761720,POW
692,2020-12-03,10870,11360,10820,11210,21963320,POW
693,2020-12-04,11070,11660,10920,11360,15525080,POW
694,2020-12-07,11210,11510,11210,11260,11900730,POW
695,2020-12-08,11310,11410,11020,11160,13862110,POW
696,2020-12-09,11160,11610,11120,11210,16813760,POW
697,2020-12-10,11310,11410,11070,11120,9616650,POW
698,2020-12-11,11210,11460,11120,11460,11348420,POW
699,2020-12-14,11560,11750,11460,11700,14781700,POW
700,2020-12-15,11610,11700,11410,11460,12485670,POW
701,2020-12-16,11460,11610,11360,11510,11036240,POW
702,2020-12-17,11510,12150,11460,11660,19076180,POW
703,2020-12-18,11800,11900,11700,11800,12964810,POW
704,2020-12-21,11950,12050,11700,11800,11351360,POW
705,2020-12-22,11800,12000,11610,12000,17743390,POW
706,2020-12-23,12200,12540,12150,12200,18064820,POW
707,2020-12-24,12390,12440,11460,11900,11334320,POW
708,2020-12-25,11900,12150,11660,12100,9386900,POW
709,2020-12-28,12300,12930,12200,12930,27388490,POW
710,2020-12-29,12930,13480,12790,13230,14995030,POW
711,2020-12-30,13230,13570,13080,13180,9297180,POW
712,2020-12-31,13130,13480,12980,13380,11085450,POW
713,2021-01-04,13670,14120,13520,13870,13808900,POW
714,2021-01-05,13720,14160,13670,13970,9595700,POW
715,2021-01-06,14120,14160,13570,13670,15814800,POW
716,2021-01-07,13670,13970,13430,13770,18878300,POW
717,2021-01-08,13970,13970,13570,13720,17665900,POW
718,2021-01-11,13870,14410,13820,14360,14990800,POW
719,2021-01-12,14510,14510,14120,14360,10218500,POW
720,2021-01-13,14360,14360,13970,13970,12927200,POW
721,2021-01-14,13970,14060,13670,13970,13572300,POW
722,2021-01-15,13970,14360,13970,14120,11154600,POW
723,2021-01-18,14260,14950,14120,14510,16600500,POW
724,2021-01-19,14560,14850,13520,13620,16957800,POW
725,2021-01-20,13820,14020,12880,13770,13429400,POW
726,2021-01-21,14060,14360,13720,14120,10056900,POW
727,2021-01-22,14120,14510,13920,14120,11368400,POW
728,2021-01-25,13970,14210,13870,13920,7333100,POW
729,2021-01-26,13970,13970,12980,13280,10346400,POW
730,2021-01-27,12880,13330,12390,12590,14521900,POW
731,2021-01-28,11750,12100,11750,11750,9377000,POW
732,2021-01-29,10970,12300,10970,11700,12247000,POW
733,2021-02-01,11660,12150,11310,11310,12195500,POW
734,2021-02-02,11310,11610,11070,11460,9166200,POW
735,2021-02-03,11800,12250,11700,12250,16931600,POW
736,2021-02-04,12490,12740,12250,12390,15551800,POW
737,2021-02-04,12490,12740,12250,12390,15551800,POW
738,2021-02-05,12390,12590,12300,12490,5998400,POW
739,2021-02-08,12440,12590,11700,11950,12156400,POW
740,2021-02-09,12100,12250,11700,12150,7941500,POW
741,2021-02-17,12490,12790,12300,12790,9935900,POW
742,2021-02-18,12880,13080,12590,12840,11708900,POW
743,2021-02-19,12690,13080,12690,12840,8101200,POW
744,2021-02-22,12840,12930,12640,12690,9439200,POW
745,2021-02-23,12790,12840,12540,12640,9370900,POW
746,2021-02-24,12740,12840,12300,12440,10513000,POW
747,2021-02-25,12590,12690,12300,12490,8492300,POW
748,2021-02-26,12340,12490,12200,12390,7515500,POW
749,2021-03-01,12490,12880,12440,12840,10267400,POW
750,2021-03-02,12980,12980,12690,12740,10191700,POW
751,2021-03-03,12690,12740,12540,12640,8794600,POW
752,2021-03-04,12740,12740,12200,12390,10157900,POW
753,2021-03-05,12740,13230,12690,13230,44357300,POW
754,2021-03-08,14120,14120,13820,13920,34227700,POW
755,2021-03-09,13720,13770,13380,13380,28684500,POW
756,2021-03-10,13230,13770,13130,13430,22201300,POW
757,2021-03-11,13720,13720,13480,13570,13652000,POW
758,2021-03-12,13670,13720,13430,13520,13528800,POW
759,2021-03-15,13520,13620,13430,13480,15883100,POW
760,2021-03-16,13480,13480,13080,13380,20292100,POW
761,2021-03-17,13520,13970,13480,13720,25717600,POW
762,2021-03-18,13870,13920,13520,13620,11404800,POW
763,2021-03-19,13480,13520,13180,13180,21629500,POW
764,2021-03-22,13380,13480,13230,13330,14660600,POW
765,2021-03-23,13380,13430,12980,13080,14109000,POW
766,2021-03-24,12740,12880,12390,12540,24200900,POW
767,2021-03-25,12640,12790,12390,12390,13389000,POW
768,2021-03-26,12300,12640,11900,12490,14529800,POW
769,2021-03-29,12740,13030,12490,12880,11148900,POW
770,2021-03-30,12980,13180,12790,12980,11588000,POW
771,2021-03-31,12790,13180,12790,12980,8988500,POW
772,2021-04-01,12980,13570,12790,13430,21872400,POW
773,2021-04-02,13520,13620,13280,13380,11785100,POW
774,2021-04-05,13620,13620,13280,13430,12615100,POW
775,2021-04-06,13380,13430,13130,13230,13868900,POW
776,2021-04-07,13280,13820,13130,13720,23912700,POW
777,2021-04-08,13770,13820,13430,13570,13369700,POW
778,2021-04-09,13620,13670,13480,13570,13053600,POW
779,2021-04-12,13720,14260,13520,14020,39387800,POW
780,2021-04-13,14060,14120,13480,13620,16991000,POW
781,2021-04-14,13380,13670,13330,13570,14854400,POW
782,2021-04-15,13670,13670,13180,13180,21610400,POW
783,2021-04-16,13080,13330,12590,12980,21614100,POW
784,2021-04-19,13080,13080,12740,12880,11302100,POW
785,2021-04-20,12980,13080,12740,12790,11344700,POW
786,2021-04-22,12640,12790,12150,12150,16952500,POW
787,2021-04-23,12150,12390,11950,12390,14126600,POW
788,2021-04-26,12540,12540,11850,11900,11207300,POW
789,2021-04-27,11900,12150,11700,11900,8043200,POW
790,2021-04-28,11900,12340,11900,12000,7027100,POW
791,2021-04-29,12200,12250,12000,12100,5736700,POW
792,2021-05-04,11750,11950,11700,11850,9725200,POW
793,2021-05-05,11950,12640,11950,12490,17327900,POW
794,2021-05-06,12490,12590,12100,12100,9399100,POW
795,2021-05-07,12000,12100,11800,11900,10335400,POW
796,2021-05-10,11850,12100,11750,12000,10027600,POW
797,2021-05-11,12100,12440,11950,12100,12029400,POW
798,2021-05-12,12100,12340,12100,12250,6957000,POW
799,2021-05-13,12200,12390,12000,12000,11655400,POW
800,2021-05-14,12150,12340,12000,12050,13201700,POW
801,2021-05-17,12100,12300,11950,11950,7355700,POW
802,2021-05-18,11900,12050,11750,11800,9919200,POW
803,2021-05-19,11800,11900,11410,11510,16967900,POW
804,2021-05-20,11510,11660,11210,11260,14892600,POW
805,2021-05-21,11260,11750,11120,11510,10073200,POW
806,2021-05-24,11660,11750,11510,11610,7144500,POW
807,2021-05-25,11800,11950,11660,11700,8904500,POW
808,2021-05-26,11660,11700,11460,11460,10227800,POW
809,2021-05-27,11560,11660,11360,11460,10007800,POW
810,2021-05-28,11460,11610,11410,11510,11050400,POW
811,2021-05-31,11510,11560,11260,11560,10786100,POW
812,2021-06-01,11900,12100,11800,11900,15276200,POW
813,2021-06-02,11950,12000,11660,11700,10585300,POW
814,2021-06-03,11750,12490,11750,12490,29463700,POW
815,2021-06-04,12790,12880,12440,12880,28089300,POW
816,2021-06-07,13080,13230,12590,12690,16365800,POW
817,2021-06-08,12490,12590,11850,11900,17997100,POW
818,2021-06-09,11800,12000,11610,11900,14736400,POW
819,2021-06-10,11900,12000,11610,11700,11510500,POW
820,2021-06-11,11700,11950,11700,11850,7187300,POW
821,2021-06-14,11950,12150,11800,12000,10929200,POW
822,2021-06-15,12000,12150,11800,11850,7093600,POW
823,2021-06-16,11850,12100,11800,11850,8674000,POW
824,2021-06-17,11750,12390,11700,12200,16648000,POW
825,2021-06-18,12390,12390,12050,12100,9572300,POW
826,2021-06-21,12100,12490,12000,12300,17757700,POW
827,2021-06-22,12390,12590,12300,12340,13555100,POW
828,2021-06-23,12390,12440,12000,12100,8212200,POW
829,2021-06-24,12050,12150,11850,11950,9627100,POW
830,2021-06-25,11950,12050,11750,11950,8387300,POW
831,2021-06-28,12000,12050,11900,11950,6854600,POW
832,2021-06-29,12000,12050,11850,11850,7940100,POW
833,2021-06-30,11850,12100,11800,11850,8039100,POW
834,2021-07-01,11850,11950,11750,11900,7807900,POW
835,2021-07-02,11900,12000,11800,11800,6398400,POW
836,2021-07-05,11750,11800,11460,11510,15564100,POW
837,2021-07-06,11560,11660,11260,11260,10712400,POW
838,2021-07-07,11260,11410,11020,11210,10777600,POW
839,2021-07-08,11210,11360,11120,11160,6718600,POW
840,2021-07-09,11120,11120,10620,10620,12818700,POW
841,2021-07-12,10620,10670,9880,9980,17743200,POW
842,2021-07-13,10030,10380,9930,10380,10741600,POW
843,2021-07-14,10430,10520,10180,10280,6468200,POW
844,2021-07-15,10280,10520,10130,10520,5825100,POW
845,2021-07-16,10520,10520,10330,10430,5733300,POW
846,2021-07-19,10130,10230,9820,9930,11011600,POW
847,2021-07-20,10030,10130,9880,10130,7529300,POW
848,2021-07-21,10130,10230,10030,10080,4317000,POW
849,2021-07-22,10130,10330,10030,10180,8910900,POW
850,2021-07-23,10230,10570,10230,10330,12222200,POW
851,2021-07-26,10230,10380,10180,10330,3884200,POW
852,2021-07-27,10430,10770,10380,10620,11297500,POW
853,2021-07-28,10520,10620,10430,10430,5322700,POW
854,2021-07-29,10520,10520,10380,10480,4549800,POW
855,2021-07-30,10480,10620,10380,10520,7996900,POW
856,2021-08-02,10520,10720,10480,10570,8168300,POW
857,2021-08-03,10620,10670,10520,10620,5277700,POW
858,2021-08-04,10620,10770,10570,10670,7259300,POW
859,2021-08-05,10620,10720,10520,10620,5149400,POW
860,2021-08-06,10620,11020,10570,10820,13384300,POW
861,2021-08-09,10870,11020,10720,10970,6608900,POW
862,2021-08-10,11020,11210,10970,11070,8710300,POW
863,2021-08-11,11070,11560,11020,11260,14088400,POW
864,2021-08-12,11310,11360,11160,11160,7889100,POW
865,2021-08-13,11120,11260,10920,11120,9936000,POW
866,2021-08-16,11120,11360,11120,11260,9434700,POW
867,2021-08-17,11310,11310,11120,11160,6582200,POW
868,2021-08-18,11160,11260,11070,11210,7345200,POW
869,2021-08-19,11210,11210,11070,11160,6789800,POW
870,2021-08-20,11160,11210,10570,10720,15373900,POW
871,2021-08-23,10670,10720,10380,10380,8650400,POW
872,2021-08-24,10430,10570,10230,10380,9744200,POW
873,2021-08-25,10480,11070,10380,11070,13848200,POW
874,2021-08-26,11410,11460,11020,11160,11872100,POW
875,2021-08-27,11070,11800,10870,11700,26372500,POW
876,2021-08-30,11800,12000,11660,11750,13098400,POW
877,2021-08-31,11750,11800,11560,11660,9509900,POW
878,2021-09-01,11560,12250,11510,12250,29625300,POW
879,2021-09-06,12300,12540,12150,12200,14454100,POW
880,2021-09-07,12200,12300,11850,11850,14859100,POW
881,2021-09-08,11800,12000,11660,11700,12086400,POW
882,2021-09-09,11750,12150,11660,11900,9601500,POW
883,2021-09-10,11850,12150,11850,11900,7819800,POW
884,2021-09-13,11900,11950,11660,11660,10403000,POW
885,2021-09-14,11610,11800,11260,11310,15831400,POW
886,2021-09-15,11310,11660,11310,11610,6169800,POW
887,2021-09-16,11660,11700,11460,11610,6024200,POW
888,2021-09-17,11700,11950,11510,11560,15584500,POW
889,2021-09-20,11750,11800,11510,11560,9918000,POW
890,2021-09-21,11410,11560,11310,11460,10082200,POW
891,2021-09-22,11510,11660,11360,11610,9702400,POW
892,2021-09-23,11750,11750,11560,11560,7630800,POW
893,2021-09-24,11610,11610,11410,11410,7779100,POW
894,2021-09-27,11460,11700,11360,11360,9429800,POW
895,2021-09-28,11360,11610,11260,11560,7279400,POW
896,2021-09-29,11560,12200,11560,12000,31387100,POW
897,2021-09-30,12200,12250,11850,11950,9275300,POW
898,2021-10-01,11800,12350,11800,12200,18134400,POW
899,2021-10-04,12450,12900,12450,12650,32008500,POW
900,2021-10-05,12700,12900,12550,12750,22312000,POW
901,2021-10-06,12850,13100,12700,12850,18554500,POW
902,2021-10-07,12850,12850,12600,12650,17101900,POW
903,2021-10-08,12700,12700,12400,12450,18392600,POW
904,2021-10-11,12400,12600,12200,12400,22294500,POW
905,2021-10-12,12400,12700,12400,12700,22139000,POW
906,2021-10-13,12800,12800,12450,12500,15189100,POW
907,2021-10-14,12500,12600,12400,12500,13130000,POW
908,2021-10-15,12500,12600,12200,12300,17266800,POW
909,2021-10-18,12300,12500,12250,12350,13404000,POW
910,2021-10-19,12300,12500,12250,12300,10371700,POW
911,2021-10-20,12300,12400,12050,12300,13467100,POW
912,2021-10-21,12300,12300,12050,12050,13105800,POW
913,2021-10-22,12050,12200,12000,12100,10268400,POW
914,2021-10-25,12250,12400,12100,12250,13687600,POW
915,2021-10-26,12250,12400,12100,12350,8647600,POW
916,2021-10-27,12400,12500,12250,12400,16021900,POW
917,2021-10-28,12450,12950,12450,12750,28317600,POW
918,2021-10-29,12850,12900,12500,12650,15528700,POW
919,2021-11-01,13000,13300,12900,13100,32971900,POW
920,2021-11-02,13100,13100,12850,12850,20217000,POW
921,2021-11-03,12900,12950,12550,12600,22282500,POW
922,2021-11-04,12600,12800,12500,12650,12984900,POW
923,2021-11-05,12700,13200,12700,13000,19544900,POW
924,2021-11-08,13050,13350,13000,13100,19732600,POW
925,2021-11-09,13050,13150,12850,12850,15214600,POW
926,2021-11-10,12900,13300,12850,13100,23014100,POW
927,2021-11-11,13150,13250,12850,12900,16964600,POW
928,2021-11-12,12850,13150,12850,12950,12660300,POW
929,2021-11-15,13100,13850,12800,13850,44892800,POW
930,2021-11-16,14100,14350,13800,14050,29708400,POW
931,2021-11-17,14000,14350,13850,14150,16772500,POW
932,2021-11-18,14100,14950,14050,14650,31056300,POW
933,2021-11-19,14800,14800,13650,13950,32141600,POW
934,2021-11-22,13900,13950,13050,13050,23654100,POW
935,2021-11-23,13300,13800,13100,13800,15381900,POW
936,2021-11-24,13900,14000,13500,13600,13961800,POW
937,2021-11-25,13650,14200,13600,13850,18694800,POW
938,2021-11-26,13950,14000,13400,13550,18721500,POW
939,2021-11-29,13200,13650,13150,13450,15010600,POW
940,2021-11-30,13650,13900,13400,13500,14880000,POW
941,2021-12-01,13500,14150,13500,14000,18972500,POW
942,2021-12-02,14000,14650,14000,14150,22710300,POW
943,2021-12-03,14200,14350,13550,13550,16516800,POW
944,2021-12-06,13800,14300,13550,13900,21543500,POW
945,2021-12-07,14100,14850,14100,14850,29798800,POW
946,2021-12-08,15450,15700,15050,15100,41633300,POW
947,2021-12-09,15000,15600,14950,15450,26075800,POW
948,2021-12-10,15400,16350,15250,16250,38820900,POW
949,2021-12-13,16250,16550,15950,16200,31156200,POW
950,2021-12-14,16100,16950,15950,16600,26937900,POW
951,2021-12-15,16600,16800,16100,16100,25358200,POW
952,2021-12-16,16050,17200,16000,17200,41619500,POW
953,2021-12-17,17500,18000,17100,17100,29536500,POW
954,2021-12-20,17200,18250,16800,18250,38415800,POW
955,2021-12-21,18100,19500,17950,18700,36657800,POW
956,2021-12-22,18950,19500,18700,19000,28317600,POW
957,2021-12-23,19000,19350,17800,18500,44616000,POW
958,2021-12-24,18150,18350,17250,17250,68470100,POW
959,2021-12-27,17050,18450,16500,18450,32864200,POW
960,2021-12-28,18450,19200,18000,18350,24942600,POW
961,2021-12-29,18100,18700,17850,18000,21429000,POW
962,2021-12-30,18000,18300,17350,17450,23769100,POW
963,2021-12-31,17450,17900,17300,17500,15771300,POW
964,2022-01-04,17700,18700,17700,18700,20441700,POW
965,2022-01-05,19200,19950,19000,19000,38787800,POW
966,2022-01-06,18850,19800,18850,19250,27000500,POW
967,2022-01-07,19250,20350,19250,20150,32879500,POW
968,2022-01-10,20500,20800,18750,18750,31601600,POW
969,2022-01-11,19000,19400,18450,18650,32266400,POW
970,2022-01-12,18650,19200,17350,18150,42975500,POW
971,2022-01-13,18150,18650,16900,16900,39286800,POW
972,2022-01-14,16500,17800,16500,17700,21841200,POW
973,2022-01-17,17700,17700,16500,16500,31333400,POW
974,2022-01-18,15800,16400,15350,15400,27316100,POW
975,2022-01-19,15600,16100,15500,16050,14804200,POW
976,2022-01-20,16100,17100,15800,17000,13110700,POW
977,2022-01-21,17000,17150,16600,16650,15083600,POW
978,2022-01-24,16500,16500,15500,15500,19100700,POW
979,2022-01-25,15100,16550,15100,16550,14575700,POW
980,2022-01-26,16800,16850,16300,16300,10704700,POW
981,2022-01-27,16300,16400,16000,16400,7877600,POW
982,2022-01-28,16400,16950,16200,16800,13677000,POW
983,2022-02-07,17000,17950,16900,17850,21663200,POW
984,2022-02-08,17800,18150,17550,17900,18412600,POW
985,2022-02-09,17900,18150,17700,17800,12505600,POW
986,2022-02-10,17850,18800,17850,18550,30747500,POW
987,2022-02-10,17850,18800,17850,18550,30747500,POW
988,2022-02-11,18500,18700,18100,18300,14833800,POW
989,2022-02-14,17900,18350,17700,17700,18913400,POW
990,2022-02-15,17700,18150,17300,18100,18577300,POW
991,2022-02-16,18400,18600,18100,18200,14321700,POW
992,2022-02-17,18400,18950,18150,18600,34267000,POW
993,2022-02-18,18400,18800,18300,18550,18704500,POW
994,2022-02-21,18550,18700,18350,18400,18521400,POW
995,2022-02-22,18200,18250,17500,17800,37116500,POW
996,2022-02-23,17950,18600,17900,18150,16988300,POW
997,2022-02-24,18200,18400,17350,17750,23983800,POW
998,2022-02-25,18000,18150,17750,17850,12072000,POW
999,2022-02-28,17850,18000,17300,17350,28351900,POW
1000,2022-03-01,17250,17700,16850,17450,26541600,POW
1001,2022-03-02,17450,17900,17250,17450,13376100,POW
1002,2022-03-03,17450,17650,17100,17200,18767300,POW
1003,2022-03-04,17200,17600,17150,17300,15772500,POW
1004,2022-03-07,17200,17200,16900,17050,20154400,POW
1005,2022-03-08,17000,17500,16900,17200,18365200,POW
1006,2022-03-09,17300,17400,16750,16750,18666600,POW
1007,2022-03-10,17000,17150,16600,16600,13857500,POW
1008,2022-03-11,16400,16700,16100,16149,22346800,POW
1009,2022-03-14,16149,16200,15600,15650,16927900,POW
1010,2022-03-15,15700,16400,15650,16400,13518800,POW
1011,2022-03-16,16400,16700,16250,16300,8458000,POW
1012,2022-03-17,16300,16450,16250,16300,7348600,POW
1013,2022-03-18,16300,16450,16050,16100,11552900,POW
1014,2022-03-21,16200,16350,16100,16200,8155900,POW
1015,2022-03-22,16300,16500,16250,16500,13207500,POW
1016,2022-03-23,16600,17250,16550,16900,20680800,POW
1017,2022-03-24,16900,17100,16750,16800,8315300,POW
1018,2022-03-25,16800,16800,16600,16600,8554500,POW
1019,2022-03-28,16400,16500,15850,16050,15665500,POW
1020,2022-03-29,16050,16350,16050,16250,6043000,POW
1021,2022-03-30,16050,16300,15900,15950,10562100,POW
1022,2022-03-31,15950,16149,15850,15850,6965600,POW
1023,2022-04-01,15800,16149,15700,16000,8096000,POW
1024,2022-04-04,16149,16350,16100,16200,7392200,POW
1025,2022-04-05,16300,16600,16200,16350,9487000,POW
1026,2022-04-06,16300,16600,16149,16400,8752600,POW
1027,2022-04-07,16450,16950,16400,16650,23066300,POW
1028,2022-04-08,16650,16750,16200,16200,8847800,POW
1029,2022-04-12,16200,16300,15600,15600,10488800,POW
1030,2022-04-13,15700,15800,15300,15700,11796000,POW
1031,2022-04-14,15700,15850,15550,15550,6184400,POW
1032,2022-04-15,15500,15500,14500,14700,19545500,POW
1033,2022-04-18,14700,15050,14400,14500,10908100,POW
1034,2022-04-19,14500,14750,13500,13500,11657500,POW
1035,2022-04-20,13500,13800,13000,13050,16671300,POW
1036,2022-04-21,13000,13550,12550,13300,16254500,POW
1037,2022-04-22,13500,13750,12950,13350,9010700,POW
1038,2022-04-25,13450,13500,12450,12450,13769800,POW
1039,2022-04-26,12000,13000,11650,13000,12858100,POW
1040,2022-04-27,12850,13150,12700,12950,6915000,POW
1041,2022-04-28,12950,13150,12800,12800,5831000,POW
1042,2022-04-29,12800,13350,12700,13150,10360800,POW
1043,2022-05-04,13550,14050,13450,14050,20394300,POW
1044,2022-05-05,14450,14500,13900,14150,13093700,POW
1045,2022-05-06,13800,14450,13750,13900,11543100,POW
1046,2022-05-09,13600,13850,12950,12950,15383500,POW
1047,2022-05-10,12300,13300,12250,13300,11050700,POW
1048,2022-05-11,13400,13500,13050,13200,6896600,POW
1049,2022-05-12,13150,13250,12300,12300,10599900,POW
1050,2022-05-13,12350,12550,11450,11450,19896800,POW
1051,2022-05-16,12000,12250,11550,11600,9065600,POW
1052,2022-05-17,11650,12400,11600,12400,10158300,POW
1053,2022-05-18,12700,12900,12500,12650,11226900,POW
1054,2022-05-19,12200,13000,12200,12800,12282900,POW
1055,2022-05-20,12950,13200,12700,12800,10580000,POW
1056,2022-05-23,13000,13150,12550,12750,10742800,POW
1057,2022-05-24,12750,12850,12300,12850,9545900,POW
1058,2022-05-25,12900,13450,12850,13400,13931200,POW
1059,2022-05-26,13500,13500,13100,13150,10022600,POW
1060,2022-05-27,13200,13600,13100,13350,11357700,POW
1061,2022-05-30,13450,13600,13350,13450,9576000,POW
1062,2022-05-31,13400,13600,13300,13550,11418700,POW
1063,2022-06-01,13550,14200,13450,13950,19270100,POW
1064,2022-06-02,14000,14100,13500,13550,9044900,POW
1065,2022-06-03,13500,13650,13250,13500,9783700,POW
1066,2022-06-06,13500,14200,13200,13800,24932300,POW
1067,2022-06-07,13800,14750,13700,14750,38045400,POW
1068,2022-06-08,15300,15750,15100,15400,26255700,POW
1069,2022-06-09,15100,15900,15100,15900,22633000,POW
1070,2022-06-10,15550,15950,14850,15000,26983200,POW
1071,2022-06-13,14600,15800,14550,15250,40895700,POW
1072,2022-06-14,15200,15700,14800,15250,20958500,POW
1073,2022-06-15,15250,15450,14200,14500,24843000,POW
1074,2022-06-16,14800,15500,14300,15400,34414700,POW
1075,2022-06-17,15000,16350,14950,16100,37946700,POW
1076,2022-06-20,16200,16400,15000,15000,24827400,POW
1077,2022-06-21,14800,15150,13950,13950,32210000,POW
1078,2022-06-22,13800,14050,13000,13000,37401500,POW
1079,2022-06-23,12600,13900,12600,13900,17533200,POW
1080,2022-06-24,14050,14050,13550,13550,11086300,POW
1081,2022-06-27,13650,14100,13500,13850,13339200,POW
1082,2022-06-28,13850,14400,13750,13900,18126900,POW
1083,2022-06-29,13800,14050,13650,13750,11340100,POW
1084,2022-06-30,13900,14300,13600,13600,13179700,POW
1085,2022-07-01,13650,13850,13000,13600,15651400,POW
1086,2022-07-04,13800,13850,13400,13500,8954100,POW
1087,2022-07-05,13500,13600,12800,13000,21074400,POW
1088,2022-07-06,12800,13300,12800,12800,15064800,POW
1089,2022-07-07,12800,13000,12650,12800,9939600,POW
1090,2022-07-08,12950,13150,12900,13000,6824400,POW
1091,2022-07-11,12950,13000,12350,12500,13694400,POW
1092,2022-07-12,12500,13100,12500,12950,7991500,POW
1093,2022-07-13,12950,13250,12900,13000,7670200,POW
1094,2022-07-14,12850,13100,12850,13100,9878100,POW
1095,2022-07-15,13250,13300,13000,13000,11003100,POW
1096,2022-07-18,13050,13400,13000,13100,7615100,POW
1097,2022-07-19,13350,13600,13200,13450,14638800,POW
1098,2022-07-20,13650,13750,13400,13500,10633300,POW
1099,2022-07-21,13500,13550,13250,13350,8963000,POW
1100,2022-07-22,13400,13450,13050,13150,8481200,POW
1101,2022-07-25,13100,13300,13050,13150,7707200,POW
1102,2022-07-26,13150,13250,13000,13000,6413000,POW
1103,2022-07-27,13000,13100,12850,13100,5630000,POW
1104,2022-07-28,13250,13700,13150,13550,19451800,POW
1105,2022-07-29,13550,13700,13350,13350,10431600,POW
1106,2022-08-01,13350,13550,13300,13500,10610300,POW
1107,2022-08-02,13550,13900,13450,13750,17850500,POW
1108,2022-08-03,13700,13900,13550,13700,13621600,POW
1109,2022-08-04,13800,13800,13550,13600,9854300,POW
1110,2022-08-05,13550,14150,13450,14000,25259000,POW
1111,2022-08-08,14100,14250,13950,14000,10276100,POW
1112,2022-08-09,14050,14350,13950,14050,15230300,POW
1113,2022-08-10,14000,14150,13850,13950,10909900,POW
1114,2022-08-11,14100,14150,13700,13800,15627200,POW
1115,2022-08-12,13800,14100,13700,14000,10031700,POW
1116,2022-08-15,14100,14350,13950,14000,15095600,POW
1117,2022-08-16,14150,14250,13950,14100,10116600,POW
1118,2022-08-17,14200,14250,13900,13950,10690200,POW
1119,2022-08-18,13850,13950,13750,13800,11639800,POW
1120,2022-08-19,13800,13950,13500,13600,11859700,POW
1121,2022-08-22,13600,13750,13500,13650,8338200,POW
1122,2022-08-23,13650,13900,13600,13900,9776000,POW
1123,2022-08-24,13900,14250,13850,14050,15170100,POW
1124,2022-08-25,14100,14300,14000,14100,10613500,POW
1125,2022-08-26,14200,14550,14100,14250,25202400,POW
1126,2022-08-29,14000,14200,13600,13950,14427000,POW
1127,2022-08-30,14200,14200,13750,13850,11044700,POW
1128,2022-08-31,13750,14400,13750,14000,15219200,POW
1129,2022-09-05,14000,14250,14000,14000,10861000,POW
1130,2022-09-06,14150,14700,14050,14300,30632900,POW
1131,2022-09-07,14300,14500,14000,14000,17775200,POW
1132,2022-09-08,14150,14200,13700,13700,18270900,POW
1133,2022-09-09,13750,14200,13700,14050,17780200,POW
1134,2022-09-12,14200,14450,14100,14100,10727589,POW
1135,2022-09-13,14100,14300,13950,14150,11687500,POW
1136,2022-09-14,13900,14400,13900,14150,21305200,POW
1137,2022-09-15,14200,14750,14200,14450,26860000,POW
1138,2022-09-16,14450,14750,14200,14250,22946600,POW
1139,2022-09-19,14300,14350,13400,13500,25475100,POW
1140,2022-09-20,13600,13800,13450,13700,14242600,POW
1141,2022-09-21,13600,13700,13450,13450,12076900,POW
1142,2022-09-22,13350,13650,13200,13650,12987600,POW
1143,2022-09-23,13700,13700,13400,13400,10415400,POW
1144,2022-09-26,13250,13300,12650,12800,19015400,POW
1145,2022-09-27,12850,13250,12750,12950,9469600,POW
1146,2022-09-28,12950,13100,12650,12850,8810664,POW
1147,2022-09-29,13000,13100,12550,12550,8389564,POW
1148,2022-09-30,12500,12550,11950,12350,11446076,POW
1149,2022-10-03,12350,12400,11500,11500,10770978,POW
1150,2022-10-04,11800,11900,11500,11600,9868228,POW
1151,2022-10-05,11850,12200,11750,12100,6459506,POW
1152,2022-10-06,12150,12150,11400,11400,8615983,POW
1153,2022-10-07,11200,11500,10650,10650,20539925,POW
1154,2022-10-10,10300,11100,10300,11000,9892932,POW
1155,2022-10-11,11000,11000,10250,10250,12475213,POW
1156,2022-10-12,10300,10900,10200,10600,10735855,POW
1157,2022-10-13,10750,10750,10500,10600,6738526,POW
1158,2022-10-14,10900,11000,10750,10800,11403864,POW
1159,2022-10-17,10650,11150,10650,11150,11091748,POW
1160,2022-10-18,11300,11400,11000,11100,6346507,POW
1161,2022-10-19,11150,11200,10850,11000,6869364,POW
1162,2022-10-20,10900,11050,10750,10850,5222861,POW
1163,2022-10-21,10900,10900,10150,10300,11893409,POW
1164,2022-10-24,10450,10550,9750,9880,11415697,POW
1165,2022-10-25,9750,10300,9470,9970,10169750,POW
1166,2022-10-26,10050,10200,9960,10000,4823212,POW
1167,2022-10-27,10000,10500,10000,10400,6282271,POW
1168,2022-10-28,10500,10600,10300,10350,6176742,POW
1169,2022-10-31,10350,10350,9860,10350,10295514,POW
1170,2022-11-01,10350,10500,10250,10350,4934856,POW
1171,2022-11-02,10400,10400,10200,10200,6147120,POW
1172,2022-11-03,10050,10200,10000,10100,3667931,POW
1173,2022-11-04,10100,10100,9700,9800,7712358,POW
1174,2022-11-07,9800,9950,9740,9790,6364340,POW
1175,2022-11-08,9740,10450,9710,10450,10857773,POW
1176,2022-11-09,10650,10950,10600,10850,10437987,POW
1177,2022-11-10,10650,10800,10100,10250,12468704,POW
1178,2022-11-11,10600,10800,10300,10600,7779037,POW
1179,2022-11-14,10500,10550,9960,10300,7141980,POW
1180,2022-11-15,10100,10150,9580,9580,13384057,POW
1181,2022-11-16,8910,10150,8910,10100,11314117,POW
1182,2022-11-17,10100,10450,10000,10100,6967221,POW
1183,2022-11-18,10100,10250,9550,10100,8221191,POW
1184,2022-11-21,10100,10500,10100,10300,7638174,POW
1185,2022-11-22,10300,10800,10200,10350,11405745,POW
1186,2022-11-23,10400,10750,10350,10450,8056150,POW
1187,2022-11-24,10450,10600,10300,10600,4923985,POW
1188,2022-11-25,10750,10850,10550,10850,7833989,POW
1189,2022-11-28,10950,11300,10800,11300,13542831,POW
1190,2022-11-29,11300,11450,11000,11300,11268801,POW
1191,2022-11-30,11400,11750,11150,11650,11926692,POW
1192,2022-12-01,11850,11900,11200,11200,12495660,POW
1193,2022-12-02,11050,11700,11000,11700,11551267,POW
1194,2022-12-05,11950,11950,11500,11500,13748053,POW
1195,2022-12-06,11500,11550,10900,10900,12339116,POW
1196,2022-12-07,10900,11150,10750,10950,8785814,POW
1197,2022-12-08,11100,11350,11000,11200,7988680,POW
1198,2022-12-09,11300,11300,11050,11200,4895825,POW
1199,2022-12-12,11200,11550,11150,11150,9551864,POW
1200,2022-12-13,11200,11400,11000,11400,6696310,POW
1201,2022-12-14,11550,11550,11250,11400,8052169,POW
1202,2022-12-15,11300,11450,11250,11400,6407089,POW
1203,2022-12-16,11200,11500,11150,11450,7570661,POW
1204,2022-12-19,11350,11500,11050,11100,9355316,POW
1205,2022-12-20,11050,11150,10600,10700,9040449,POW
1206,2022-12-21,10800,10900,10400,10450,6048338,POW
1207,2022-12-22,10600,10850,10450,10700,6756097,POW
1208,2022-12-23,10600,11200,10600,10950,9760641,POW
1209,2022-12-26,11050,11100,10300,10300,6535841,POW
1210,2022-12-27,10500,10650,10350,10650,5247180,POW
1211,2022-12-28,10600,10750,10550,10650,3577812,POW
1212,2022-12-29,10650,10700,10500,10500,3099201,POW
1213,2022-12-30,10600,10750,10550,10650,3547874,POW
1214,2023-01-03,10600,11100,10600,11050,6101899,POW
1215,2023-01-04,11000,11150,10900,11000,6124412,POW
1216,2023-01-05,11000,11750,10950,11750,23641020,POW
1217,2023-01-06,11900,12200,11600,11750,15100315,POW
1218,2023-01-09,11850,12000,11400,11600,8657966,POW
1219,2023-01-10,11600,11750,11350,11700,6064180,POW
1220,2023-01-11,11700,11850,11600,11650,6158317,POW
1221,2023-01-12,11650,12100,11550,11750,7406103,POW
1222,2023-01-13,11900,12100,11750,11850,9289155,POW
1223,2023-01-16,12000,12000,11750,11850,4541290,POW
1224,2023-01-17,11900,12200,11850,12150,10914856,POW
1225,2023-01-18,12250,12300,12050,12150,6387123,POW
1226,2023-01-19,12100,12250,12000,12200,7465244,POW
1227,2023-01-27,12350,12450,12150,12200,7248361,POW
1228,2023-01-30,12250,12600,12100,12350,11218217,POW
1229,2023-01-31,12450,12500,12250,12400,7522522,POW
1230,2023-02-01,12550,12900,11950,11950,15664149,POW
1231,2023-02-02,12100,12100,11850,12000,7696099,POW
1232,2023-02-03,12150,12200,11850,12150,6478649,POW
1233,2023-02-06,12050,12600,11950,12550,9136691,POW
1234,2023-02-07,12600,12750,12050,12200,9293760,POW
1235,2023-02-08,12200,12350,12000,12250,4581222,POW
1236,2023-02-09,12250,12300,12000,12000,3870924,POW
1237,2023-02-09,12250,12300,12000,12000,3870924,POW
1238,2023-02-10,12100,12300,11950,12000,7573789,POW
1239,2023-02-13,11950,12150,11550,11700,6204160,POW
1240,2023-02-14,11800,11950,11750,11850,3556092,POW
1241,2023-02-15,11850,12050,11750,12000,5006540,POW
1242,2023-02-16,12100,12350,12050,12350,7977432,POW
1243,2023-02-17,12300,12500,12200,12400,8018757,POW
1244,2023-02-20,12400,12700,12350,12650,11235385,POW
1245,2023-02-21,12700,12700,12450,12450,9963972,POW
1246,2023-02-22,12350,12500,12000,12000,11103711,POW
1247,2023-02-23,12000,12200,11900,12200,7553646,POW
1248,2023-02-24,12250,12350,12000,12000,4373431,POW
1249,2023-02-27,11850,12100,11850,12000,6323098,POW
1250,2023-02-28,12100,12250,12000,12100,5104405,POW
1251,2023-03-01,12050,12350,11950,12350,5405182,POW
1252,2023-03-02,12350,12900,12350,12700,22747459,POW
1253,2023-03-03,12750,12850,12350,12350,7252817,POW
1254,2023-03-06,12450,12650,12350,12450,6098018,POW
1255,2023-03-07,12500,12750,12500,12550,7923882,POW
1256,2023-03-08,12500,12800,12450,12750,7744129,POW
1257,2023-03-09,12750,13200,12650,13000,20904880,POW
1258,2023-03-10,12900,13100,12850,12950,8923309,POW
1259,2023-03-13,12800,13150,12800,13150,13894783,POW
1260,2023-03-14,13000,13100,12700,12850,12246825,POW
1261,2023-03-15,13100,13550,12900,13500,16383140,POW
1262,2023-03-16,13400,13400,13150,13250,9366563,POW
1263,2023-03-17,13400,13450,13200,13400,10683654,POW
1264,2023-03-20,13300,13300,12800,12850,9786845,POW
1265,2023-03-21,13000,13300,12850,13200,5583793,POW
1266,2023-03-22,13300,13350,13100,13150,4002159,POW
1267,2023-03-23,13000,13200,12950,13200,4558997,POW
1268,2023-03-24,13200,13300,13050,13250,5339262,POW
1269,2023-03-27,13250,13450,13100,13300,6392279,POW
1270,2023-03-28,13400,13500,13250,13300,5289698,POW
1271,2023-03-29,13300,13400,13250,13350,3578249,POW
1272,2023-03-30,13450,13450,13050,13200,5763556,POW
1273,2023-03-31,13100,13350,13050,13200,6203033,POW
1274,2023-04-03,13300,13400,13100,13200,8999331,POW
1275,2023-04-04,13300,13600,13200,13500,11689039,POW
1276,2023-04-05,13500,13550,13300,13450,5963257,POW
1277,2023-04-06,13450,13450,13150,13150,10192903,POW
1278,2023-04-07,13200,13300,13050,13050,4738698,POW
1279,2023-04-10,13150,13450,13050,13350,12231644,POW
1280,2023-04-11,13400,13400,13200,13400,4909022,POW
1281,2023-04-12,13400,13900,13400,13650,16955441,POW
1282,2023-04-13,13700,14050,13450,13450,12102805,POW
1283,2023-04-14,13600,13650,13100,13100,6678323,POW
1284,2023-04-17,13200,13350,13150,13350,6057881,POW
1285,2023-04-18,13450,13500,13300,13500,4645063,POW
1286,2023-04-19,13500,13550,13100,13200,5670923,POW
1287,2023-04-20,13200,13350,13100,13150,3095828,POW
1288,2023-04-21,13150,13150,12650,12800,11794183,POW
1289,2023-04-24,12800,13000,12750,13000,3169931,POW
1290,2023-04-25,13100,13250,12800,12800,5456948,POW
1291,2023-04-26,12750,12850,12600,12800,4309076,POW
1292,2023-04-27,12800,13000,12800,12850,2966450,POW
1293,2023-04-28,13150,13200,13050,13100,6130882,POW
1294,2023-05-04,13050,13350,13000,13000,8154826,POW
1295,2023-05-05,13000,13150,12950,13050,4655917,POW
1296,2023-05-08,13150,13300,13100,13300,8133501,POW
1297,2023-05-09,13300,13400,13250,13350,5496628,POW
1298,2023-05-10,13350,13400,13250,13400,4862957,POW
1299,2023-05-11,13450,13550,13300,13300,6394054,POW
1300,2023-05-12,13250,13400,13200,13400,4865405,POW
1301,2023-05-15,13450,13450,13250,13300,5495394,POW
1302,2023-05-16,13450,13600,13400,13500,11138114,POW
1303,2023-05-17,13500,13600,13300,13300,5135798,POW
1304,2023-05-18,13350,13550,13300,13400,5727279,POW
1305,2023-05-19,13400,13800,13400,13500,11079631,POW
1306,2023-05-22,13600,13750,13500,13600,8671697,POW
1307,2023-05-23,13700,13900,13650,13650,12736334,POW
1308,2023-05-24,13750,13750,13500,13500,4873462,POW
1309,2023-05-25,13500,13650,13450,13450,5754475,POW
1310,2023-05-26,13550,13700,13500,13600,5886516,POW
1311,2023-05-29,13600,13800,13550,13600,6272890,POW
1312,2023-05-30,13650,13750,13550,13650,5710527,POW
1313,2023-05-31,13650,13850,13550,13650,11997974,POW
1314,2023-06-01,13700,13750,13550,13650,5146296,POW
1315,2023-06-02,13700,13750,13600,13650,6662420,POW
1316,2023-06-05,13700,14100,13650,13950,16794470,POW
1317,2023-06-06,14000,14000,13750,13800,6039257,POW
1318,2023-06-07,13900,13950,13750,13750,9268161,POW
1319,2023-06-08,13850,14200,13750,13800,15150989,POW
1320,2023-06-09,13850,13900,13700,13750,5124433,POW
1321,2023-06-12,13750,14050,13750,13900,7899782,POW
1322,2023-06-13,14050,14050,13750,13850,5755540,POW
1323,2023-06-14,13850,13950,13750,13750,6981593,POW
1324,2023-06-15,13750,13750,13550,13550,5863978,POW
1325,2023-06-16,13600,13750,13500,13500,7349770,POW
1326,2023-06-19,13550,13650,13500,13550,3466746,POW
1327,2023-06-20,13550,13650,13450,13600,3981418,POW
1328,2023-06-21,13600,13750,13550,13650,5541582,POW
1329,2023-06-22,13700,13850,13600,13750,8546664,POW
1330,2023-06-23,13850,13900,13650,13700,5243716,POW
1331,2023-06-26,13750,13750,13550,13650,4817605,POW
1332,2023-06-27,13650,13750,13550,13600,4677558,POW
1333,2023-06-28,13700,13900,13650,13800,8795900,POW
1334,2023-06-29,13700,13800,13550,13550,5219046,POW
1335,2023-06-30,13550,13600,13350,13400,6926326,POW
1336,2023-07-03,13400,13550,13300,13300,6066068,POW
1337,2023-07-04,13450,13450,13250,13400,5540616,POW
1338,2023-07-05,13450,13550,13400,13500,4852097,POW
1339,2023-07-06,13500,13550,13150,13250,6735200,POW
1340,2023-07-07,13250,13250,12900,13100,10148989,POW
1341,2023-07-10,13100,13250,13100,13200,5454900,POW
1342,2023-07-11,13250,13350,13150,13250,7514420,POW
1343,2023-07-12,13350,13400,13150,13250,4832463,POW
1344,2023-07-13,13300,13450,13250,13350,8295410,POW
1345,2023-07-14,13350,13400,13200,13300,7551086,POW
1346,2023-07-17,13400,13400,13250,13350,6168921,POW
1347,2023-07-18,13350,13550,13300,13500,9687241,POW
1348,2023-07-19,13550,13550,13300,13300,6086709,POW
1349,2023-07-20,13300,13300,13100,13300,9018090,POW
1350,2023-07-21,13300,13300,13100,13250,10104380,POW
1351,2023-07-24,13350,13400,13200,13300,8858714,POW
1352,2023-07-25,13400,13400,13200,13250,9177985,POW
1353,2023-07-26,13300,13800,13200,13550,27138116,POW
1354,2023-07-27,13600,13650,13300,13300,12302951,POW
1355,2023-07-28,13300,13600,13300,13550,16814903,POW
1356,2023-07-31,13650,13900,13550,13700,14507459,POW
1357,2023-08-01,13850,13850,13400,13450,14530503,POW
1358,2023-08-02,13500,13700,13400,13700,9706488,POW
1359,2023-08-03,13700,13700,13450,13500,8302614,POW
1360,2023-08-04,13500,13700,13400,13600,11432360,POW
1361,2023-08-07,13650,13800,13550,13700,11574595,POW
1362,2023-08-08,13750,14150,13750,14100,27978432,POW
1363,2023-08-09,14200,14200,13850,13900,10278456,POW
1364,2023-08-10,13950,14000,13750,13800,14457149,POW
1365,2023-08-11,13800,13900,13550,13650,10607370,POW
1366,2023-08-14,13800,13850,13650,13750,8762159,POW
1367,2023-08-15,13800,14150,13650,13900,12489183,POW
1368,2023-08-16,14000,14000,13750,13900,8362350,POW
1369,2023-08-17,13900,14100,13800,14000,14964258,POW
1370,2023-08-18,14050,14050,13050,13050,21146521,POW
1371,2023-08-21,13050,13150,12700,13000,9024081,POW
1372,2023-08-22,13000,13000,12300,12800,13995227,POW
1373,2023-08-23,12850,12950,12350,12350,13197976,POW
1374,2023-08-24,12500,12650,12350,12600,8289627,POW
1375,2023-08-25,12550,12700,12450,12500,6764813,POW
1376,2023-08-28,12600,12700,12500,12700,4817763,POW
1377,2023-08-29,12700,12750,12500,12600,8650293,POW
1378,2023-08-30,12650,12800,12600,12700,5478216,POW
1379,2023-08-31,12750,12800,12700,12800,7257494,POW
1380,2023-09-05,12850,13050,12800,13000,9231784,POW
1381,2023-09-06,13000,13100,12850,13000,6739977,POW
1382,2023-09-07,13100,13150,12900,12900,8437669,POW
1383,2023-09-08,12900,13000,12850,12850,10416947,POW
1384,2023-09-11,13000,13050,12700,12700,8197985,POW
1385,2023-09-12,12800,12950,12700,12900,3269000,POW
1386,2023-09-13,12950,13200,12900,12950,10781842,POW
1387,2023-09-14,13000,13000,12750,12750,6692462,POW
1388,2023-09-15,12800,13050,12750,12750,6494485,POW
1389,2023-09-18,12850,12850,12600,12650,5674414,POW
1390,2023-09-19,12700,12850,12500,12750,5472239,POW
1391,2023-09-20,12750,12850,12700,12800,3628466,POW
1392,2023-09-21,12800,12900,12650,12700,5687712,POW
1393,2023-09-22,12600,12650,12150,12300,9841938,POW
1394,2023-09-25,12350,12400,11800,11800,7939207,POW
1395,2023-09-26,11850,11950,11650,11650,7572148,POW
1396,2023-09-27,11700,11750,11500,11750,4550122,POW
1397,2023-09-28,11750,11800,11500,11500,4859776,POW
1398,2023-09-29,11950,11950,11600,11600,5497796,POW
1399,2023-10-02,11650,11850,11600,11750,2865938,POW
1400,2023-10-03,11700,11750,11200,11200,7910380,POW
1401,2023-10-04,11200,11400,11100,11250,5554942,POW
1402,2023-10-05,11250,11300,10900,10900,8242131,POW
1403,2023-10-06,10950,11250,10900,11200,5143521,POW
1404,2023-10-09,11000,11200,11000,11200,9551461,POW
1405,2023-10-10,11250,11450,11250,11450,5119863,POW
1406,2023-10-11,11650,11650,11350,11500,3944967,POW
1407,2023-10-12,11550,11550,11400,11450,3241214,POW
1408,2023-10-13,11250,11450,11200,11400,4777177,POW
1409,2023-10-16,11400,11500,11250,11350,3086581,POW
1410,2023-10-17,11350,11450,11250,11250,3319542,POW
1411,2023-10-18,11250,11300,10900,11250,6953922,POW
1412,2023-10-19,11150,11200,10950,11050,3039331,POW
1413,2023-10-20,11100,11200,10950,11200,3867526,POW
1414,2023-10-23,11200,11250,10950,11050,3289743,POW
1415,2023-10-24,11050,11200,10950,11200,3877873,POW
1416,2023-10-25,11200,11350,11150,11200,2848326,POW
1417,2023-10-26,11150,11150,10750,10800,8783702,POW
1418,2023-10-27,10900,11000,10750,11000,3608521,POW
1419,2023-10-30,10900,11000,10850,10850,2477471,POW
1420,2023-10-31,10900,10950,10600,10600,5346479,POW
1421,2023-11-01,10650,10700,10550,10700,3330534,POW
1422,2023-11-02,10800,11150,10800,11100,4837003,POW
1423,2023-11-03,11150,11200,11000,11100,4797307,POW
1424,2023-11-06,11150,11250,11100,11250,4856483,POW
1425,2023-11-07,11200,11300,11100,11150,3186107,POW
1426,2023-11-08,11200,11500,11100,11500,5095957,POW
1427,2023-11-09,11500,11800,11400,11550,10912175,POW
1428,2023-11-10,11750,12000,11600,11700,12132266,POW
1429,2023-11-13,11850,12100,11800,11900,12248107,POW
1430,2023-11-14,12000,12000,11700,11850,6810538,POW
1431,2023-11-15,11950,12100,11750,11750,9814655,POW
1432,2023-11-16,11800,11850,11650,11850,3790071,POW
1433,2023-11-17,11850,11950,11600,11650,5793978,POW
1434,2023-11-20,11550,11700,11450,11650,4706443,POW
1435,2023-11-21,11700,11800,11600,11700,2912601,POW
1436,2023-11-22,11700,11700,11500,11650,4814434,POW
1437,2023-11-23,11700,11700,11450,11450,5686237,POW
1438,2023-11-24,11450,11500,11200,11400,6314353,POW
1439,2023-11-27,11400,11450,11300,11300,2237412,POW
1440,2023-11-28,11300,11350,11150,11300,4293521,POW
1441,2023-11-29,11350,11400,11300,11300,3556184,POW
1442,2023-11-30,11400,11450,11200,11250,4395158,POW
1443,2023-12-01,11350,11350,11200,11300,2526644,POW
1444,2023-12-04,11350,11600,11300,11550,5674554,POW
1445,2023-12-05,11550,11650,11450,11450,3694121,POW
1446,2023-12-06,11500,11600,11450,11550,2320435,POW
1447,2023-12-07,11550,11700,11450,11500,5042827,POW
1448,2023-12-08,11600,11850,11550,11650,6568236,POW
1449,2023-12-11,11700,11750,11550,11600,2424770,POW
1450,2023-12-12,11650,11700,11500,11600,3004098,POW
1451,2023-12-13,11600,11600,11400,11400,4454691,POW
1452,2023-12-14,11450,11500,11250,11300,3184511,POW
1453,2023-12-15,11350,11400,11200,11200,6927056,POW
1454,2023-12-18,11250,11300,11100,11100,3360564,POW
1455,2023-12-19,11100,11250,11100,11200,2565237,POW
1456,2023-12-20,11300,11350,11200,11300,2902994,POW
1457,2023-12-21,11300,11350,11250,11300,2089514,POW
1458,2023-12-22,11350,11350,11150,11250,4127305,POW
1459,2023-12-25,11300,11400,11200,11300,3861297,POW
1460,2023-12-26,11300,11400,11200,11250,3915443,POW
1461,2023-12-27,11350,11350,11150,11150,6909594,POW
1462,2023-12-28,11250,11300,11150,11250,2967743,POW
1463,2023-12-29,11250,11300,11200,11250,5572357,POW
1464,2024-01-02,11300,11350,11200,11250,3503865,POW
1465,2024-01-03,11250,11400,11200,11400,4521631,POW
1466,2024-01-04,11450,11600,11400,11450,7750844,POW
1467,2024-01-05,11450,11500,11300,11300,4311823,POW
1468,2024-01-08,11350,11450,11300,11400,6007994,POW
1469,2024-01-09,11400,11450,11350,11450,4061524,POW
1470,2024-01-10,11500,11550,11350,11400,4322985,POW
1471,2024-01-11,11400,11800,11400,11650,11456846,POW
1472,2024-01-12,11750,11750,11350,11450,8297550,POW
1473,2024-01-15,11550,11600,11400,11400,4256228,POW
1474,2024-01-16,11400,11500,11350,11500,2790085,POW
1475,2024-01-17,11500,11550,11400,11400,4247033,POW
1476,2024-01-18,11400,11450,11350,11400,3572793,POW
1477,2024-01-19,11450,11600,11450,11550,5919733,POW
1478,2024-01-22,11600,11650,11450,11550,4025464,POW
1479,2024-01-23,11550,11600,11400,11450,4088058,POW
1480,2024-01-24,11450,11500,11350,11400,3626721,POW
1481,2024-01-25,11400,11450,11350,11450,1764191,POW
1482,2024-01-26,11400,11450,11400,11400,2316991,POW
1483,2024-01-29,11450,11500,11400,11400,3348309,POW
1484,2024-01-30,11450,11650,11400,11500,7276277,POW
1485,2024-01-31,11550,11550,11350,11350,4574416,POW
1486,2024-02-01,11350,11450,11300,11350,2542279,POW
1487,2024-02-01,11350,11450,11300,11350,2542279,POW
1488,2024-02-02,11400,11400,11300,11300,2619127,POW
1489,2024-02-05,11350,11350,11250,11250,3683131,POW
1490,2024-02-06,11300,11350,11250,11350,3945611,POW
1491,2024-02-07,11350,11400,11300,11350,2858745,POW
1492,2024-02-15,11400,11450,11350,11400,4293271,POW
1493,2024-02-16,11450,11500,11400,11500,2897892,POW
1494,2024-02-19,11500,12100,11500,12000,22521564,POW
1495,2024-02-20,12050,12250,11850,11900,7681169,POW
1496,2024-02-21,11850,11900,11750,11800,6654882,POW
1497,2024-02-22,11800,11900,11750,11750,5357705,POW
1498,2024-02-23,11800,11850,11500,11500,9335672,POW
1499,2024-02-26,11500,11600,11450,11550,6814875,POW
1500,2024-02-27,11600,11800,11550,11750,6556994,POW
1501,2024-02-28,11850,11900,11750,11800,7061368,POW
1502,2024-02-29,11900,11900,11650,11650,6479655,POW
1503,2024-03-01,11650,11750,11600,11750,4803429,POW
1504,2024-03-04,11850,11900,11750,11850,7089976,POW
1505,2024-03-05,11850,11900,11750,11850,4591531,POW
1506,2024-03-06,11800,12100,11800,11900,8877090,POW
1507,2024-03-07,11900,11950,11750,11850,5717255,POW
1508,2024-03-08,11900,12050,11700,11700,13574209,POW
1509,2024-03-11,11750,11800,11500,11600,7005953,POW
1510,2024-03-12,11600,11650,11500,11500,5970594,POW
1511,2024-03-13,11500,11650,11500,11600,4094440,POW
1512,2024-03-14,11600,11700,11550,11600,6977986,POW
1513,2024-03-15,11600,11650,11400,11450,10621566,POW
1514,2024-03-18,11450,11550,11200,11300,12764717,POW
1515,2024-03-19,11300,11400,11200,11250,4146182,POW
1516,2024-03-20,11300,11450,11250,11400,5379088,POW
1517,2024-03-21,11450,11500,11400,11400,6410698,POW
1518,2024-03-22,11400,11550,11350,11500,8796312,POW
1519,2024-03-25,11550,11650,11400,11400,8068750,POW
1520,2024-03-26,11400,11450,11300,11450,4590246,POW
1521,2024-03-27,11500,11600,11450,11450,5915288,POW
1522,2024-03-28,11500,11550,11400,11450,4072435,POW
1523,2024-03-29,11500,11500,11350,11400,4809283,POW
1524,2024-04-01,11400,11450,11350,11350,5408858,POW
1525,2024-04-02,11400,11650,11300,11550,8871040,POW
1526,2024-04-03,11550,11600,11350,11400,6919873,POW
1527,2024-04-04,11400,11450,11250,11300,8113138,POW
1528,2024-04-05,11300,11350,11200,11250,7432609,POW
1529,2024-04-08,11250,11300,11150,11200,4050489,POW
1530,2024-04-09,11300,11350,11200,11300,4977576,POW
1531,2024-04-10,11300,11350,11200,11300,5035053,POW
1532,2024-04-11,11250,11250,11200,11200,5513506,POW
1533,2024-04-12,11200,11300,11200,11250,5367263,POW
1534,2024-04-15,11350,11550,11150,11150,13281995,POW
1535,2024-04-16,11200,11200,10800,10900,11235178,POW
1536,2024-04-17,10900,11100,10850,10950,6557302,POW
1537,2024-04-19,10900,10950,10600,10600,8541461,POW
1538,2024-04-22,10700,10800,10600,10650,3806420,POW
1539,2024-04-23,10650,10700,10400,10450,4958113,POW
1540,2024-04-24,10450,10750,10450,10650,5508234,POW
1541,2024-04-25,10650,10700,10500,10550,3362426,POW
1542,2024-04-26,10500,10600,10450,10500,4969173,POW
1543,2024-05-02,10600,11150,10550,11100,9028635,POW
1544,2024-05-03,11100,11150,10900,10950,4836622,POW
1545,2024-05-06,11000,11250,10950,11100,6154300,POW
1546,2024-05-07,11100,11150,11000,11100,3264496,POW
1547,2024-05-08,11100,11250,10950,11150,6354446,POW
1548,2024-05-09,11200,11250,11050,11100,3682319,POW
1549,2024-05-10,11100,11150,10950,10950,4902575,POW
1550,2024-05-13,10950,11050,10950,11000,3021998,POW
1551,2024-05-14,11000,11050,10950,10950,3292778,POW
1552,2024-05-15,11000,11050,10900,11000,5217802,POW
1553,2024-05-16,11050,11300,11000,11150,7819918,POW
1554,2024-05-17,11250,11300,11150,11250,7175018,POW
1555,2024-05-20,11250,11500,11250,11350,9758956,POW
1556,2024-05-21,11400,11400,11200,11300,6117495,POW
1557,2024-05-22,11300,11600,11200,11350,12536664,POW
1558,2024-05-23,11400,11650,11300,11550,15055185,POW
1559,2024-05-24,11550,11650,11250,11350,13368961,POW
1560,2024-05-27,11450,12100,11400,12100,41250471,POW
1561,2024-05-28,12400,12550,12250,12450,25338987,POW
1562,2024-05-29,12500,12750,12300,12550,28095145,POW
1563,2024-05-30,12500,12900,12400,12800,21587689,POW
1564,2024-05-31,12800,12850,12550,12600,11261859,POW
1565,2024-06-03,12700,13450,12650,13450,42927876,POW
1566,2024-06-04,13550,14150,13350,14000,35939508,POW
1567,2024-06-05,14000,14300,13750,13750,24891645,POW
1568,2024-06-06,13750,14100,13550,13550,15889060,POW
1569,2024-06-07,13750,14150,13650,13950,14510740,POW
1570,2024-06-10,14000,14050,13550,13650,16977912,POW
1571,2024-06-11,13750,14400,13650,14150,22395510,POW
1572,2024-06-12,14150,14200,13850,14000,14080049,POW
1573,2024-06-13,14100,14450,13950,14150,17235771,POW
1574,2024-06-14,14150,14200,13750,13750,15726001,POW
1575,2024-06-17,13700,14150,13550,13950,13792929,POW
1576,2024-06-18,14050,14900,14000,14900,36638846,POW
1577,2024-06-19,15100,15400,14950,14950,16193278,POW
1578,2024-06-20,15050,15350,14850,15100,13037035,POW
1579,2024-06-21,15150,15300,14700,14700,13694321,POW
1580,2024-06-24,14700,15300,14400,15000,27293957,POW
1581,2024-06-25,15200,15200,14700,15000,9124804,POW
1582,2024-06-26,15000,15500,15000,15300,15898312,POW
1583,2024-06-27,15300,15300,14750,14750,15077191,POW
1584,2024-06-28,14750,15000,14450,14900,11441734,POW
1585,2024-07-01,14800,14900,14400,14550,10117985,POW
1586,2024-07-02,14700,14700,14400,14500,9443779,POW
1587,2024-07-03,14650,15350,14550,15100,18090567,POW
1588,2024-07-04,15250,15350,14700,14750,11051645,POW
1589,2024-07-05,14750,14900,14600,14600,11275185,POW
1590,2024-07-08,14650,15050,14600,15050,15960367,POW
1591,2024-07-09,15250,15900,15100,15300,24004028,POW
1592,2024-07-10,15300,15400,15000,15050,13695885,POW
1593,2024-07-11,15100,15450,15050,15100,10988751,POW
1594,2024-07-12,15100,15250,15000,15200,8417086,POW
1595,2024-07-15,15350,15350,14850,15200,9151221,POW
1596,2024-07-16,15300,15550,14900,14900,15022996,POW
1597,2024-07-17,14950,15100,13900,13900,31986364,POW
1598,2024-07-18,14000,14200,13800,14200,16768894,POW
1599,2024-07-19,14200,14250,13250,13300,24775255,POW
1600,2024-07-22,13400,13750,13100,13450,12610847,POW
1601,2024-07-23,13500,13650,12800,12850,11641898,POW
1602,2024-07-24,12750,13300,12700,13200,11355346,POW
1603,2024-07-25,13150,13250,12700,12900,8565090,POW
1604,2024-07-26,13000,13600,13000,13550,12852769,POW
1605,2024-07-29,13700,13700,13350,13600,7098574,POW
1606,2024-07-30,13750,13850,13400,13400,10098690,POW
1607,2024-07-31,13600,13700,13300,13450,6440838,POW
1608,2024-08-01,13550,13600,12900,13150,11733437,POW
1609,2024-08-02,12950,13800,12900,13800,10749166,POW
1610,2024-08-05,13550,13750,13050,13300,12041294,POW
1611,2024-08-06,13300,13850,13300,13750,10092402,POW
1612,2024-08-07,13750,13850,13450,13750,5901230,POW
1613,2024-08-08,13750,14150,13550,13800,12631865,POW
1614,2024-08-09,14000,14000,13650,13850,7393095,POW
1615,2024-08-12,13950,13950,13600,13600,8118521,POW
1616,2024-08-13,13550,13600,13050,13400,12014635,POW
1617,2024-08-14,13450,13450,13250,13350,3129958,POW
1618,2024-08-15,13250,13350,13050,13050,5344266,POW
1619,2024-08-16,13100,13550,13100,13450,7610302,POW
1620,2024-08-19,13550,13750,13500,13500,8442441,POW
1621,2024-08-20,13550,13600,13300,13500,9155816,POW
1622,2024-08-21,13500,13950,13400,13750,12640418,POW
1623,2024-08-22,13800,13800,13550,13600,6041601,POW
1624,2024-08-23,13600,13700,13500,13550,5786673,POW
1625,2024-08-26,13700,13700,13400,13400,6598908,POW
1626,2024-08-27,13400,13500,13250,13450,5944447,POW
1627,2024-08-28,13450,13700,13400,13650,7772125,POW
1628,2024-08-29,13700,13850,13550,13550,4856579,POW
1629,2024-08-30,13550,13600,13450,13450,4120743,POW
1630,2024-09-04,13350,13400,13200,13200,6587916,POW
1631,2024-09-05,13200,13300,12900,13050,7875109,POW
1632,2024-09-06,13150,13150,12800,13100,5596366,POW
1633,2024-09-09,13100,13150,12900,13050,2529383,POW
1634,2024-09-10,13250,13250,12950,13000,3369665,POW
1635,2024-09-11,12950,13050,12800,12850,3786726,POW
1636,2024-09-12,12900,13050,12900,12900,1650723,POW
1637,2024-09-13,12950,13000,12800,12800,2317454,POW
1638,2024-09-16,12850,12950,12250,12300,9064736,POW
1639,2024-09-17,12350,12550,12250,12550,4652363,POW
1640,2024-09-18,12600,12750,12450,12750,7350459,POW
1641,2024-09-19,12750,12800,12550,12550,3168555,POW
1642,2024-09-20,12600,12750,12500,12550,5234055,POW
1643,2024-09-23,12650,12700,12500,12500,3157029,POW
1644,2024-09-24,12550,12650,12500,12600,2323470,POW
1645,2024-09-25,12700,13050,12600,13050,15415964,POW
1646,2024-09-26,13050,13150,12950,13050,6037797,POW
1647,2024-09-27,13000,13250,13000,13050,7502842,POW
1648,2024-09-30,13050,13100,12900,13100,4606045,POW
1649,2024-10-01,13100,13250,13050,13200,7413504,POW
1650,2024-10-02,13200,13200,13050,13150,3964552,POW
1651,2024-10-03,13100,13300,12800,12800,7903835,POW
1652,2024-10-04,12900,13000,12800,12950,3379933,POW
1653,2024-10-07,13050,13100,12750,12750,4624889,POW
1654,2024-10-08,12800,12950,12700,12800,2875639,POW
1655,2024-10-09,12850,12950,12750,12950,4343997,POW
1656,2024-10-10,13000,13100,12850,12900,3056975,POW
1657,2024-10-11,13000,13000,12600,12600,8911713,POW
1658,2024-10-14,12800,13100,12800,12800,8351496,POW
1659,2024-10-15,12800,12950,12500,12600,5126317,POW
1660,2024-10-16,12700,12750,12500,12600,2944317,POW
1661,2024-10-17,12500,12650,12400,12550,4009953,POW
1662,2024-10-18,12550,12700,12500,12500,3457166,POW
1663,2024-10-21,12500,12550,12400,12450,2882536,POW
1664,2024-10-22,12450,12450,12050,12200,8766383,POW
1665,2024-10-23,12250,12400,12150,12250,3240551,POW
1666,2024-10-24,12250,12350,12100,12100,3455658,POW
1667,2024-10-25,12200,12200,11900,11900,4372367,POW
1668,2024-10-28,11950,12000,11850,11950,2602366,POW
1669,2024-10-29,11950,12150,11950,12050,3471510,POW
1670,2024-10-30,12050,12100,11950,12050,2284720,POW
1671,2024-10-31,12200,12200,11950,11950,5658820,POW
1672,2024-11-01,12000,12000,11600,11600,7507268,POW
1673,2024-11-04,11700,11700,11450,11450,5067787,POW
1674,2024-11-05,11450,11600,11450,11550,3474303,POW
1675,2024-11-06,11600,11850,11600,11800,5950057,POW
1676,2024-11-07,11900,11900,11700,11700,2650661,POW
1677,2024-11-08,11700,11900,11650,11700,4361140,POW
1678,2024-11-11,11700,11800,11550,11700,3697297,POW
1679,2024-11-12,11750,11900,11700,11700,6232540,POW
1680,2024-11-13,11700,11750,11550,11700,3431088,POW
1681,2024-11-14,11700,11750,11450,11500,5170937,POW
1682,2024-11-15,11450,11500,11250,11250,7688300,POW
1683,2024-11-18,11250,11400,11200,11300,4209367,POW
1684,2024-11-19,11350,11400,11200,11200,3540200,POW
1685,2024-11-20,11150,11500,11150,11350,4158997,POW
1686,2024-11-21,11350,11450,11300,11450,2167618,POW
1687,2024-11-22,11450,11500,11300,11400,3115774,POW
1688,2024-11-25,11400,12150,11400,12150,18620097,POW
1689,2024-11-26,12200,12500,12200,12350,10910581,POW
1690,2024-11-27,12250,12650,12150,12550,13057315,POW
1691,2024-11-28,12650,12650,12450,12450,4782364,POW
1692,2024-11-29,12450,12550,12400,12400,6652420,POW
1693,2024-12-02,12500,12600,12250,12400,4984042,POW
1694,2024-12-03,12400,12750,12200,12650,13630212,POW
1695,2024-12-04,12650,12650,12250,12300,5777533,POW
1696,2024-12-05,12300,12550,12250,12500,8791441,POW
1697,2024-12-06,12550,12650,12400,12450,6592962,POW
1698,2024-12-09,12450,12550,12350,12500,5186366,POW
1699,2024-12-10,12550,13000,12550,12650,12763708,POW
1700,2024-12-11,12650,12700,12350,12400,5620240,POW
1701,2024-12-12,12500,12550,12300,12300,5487029,POW
1702,2024-12-13,12350,12350,12200,12250,3420608,POW
1703,2024-12-16,12300,12400,12250,12400,3612416,POW
1704,2024-12-17,12400,12450,12250,12350,2392761,POW
1705,2024-12-18,12350,12600,12300,12600,7026861,POW
1706,2024-12-19,12450,12500,12300,12400,5093384,POW
1707,2024-12-20,12500,12500,12200,12200,7570058,POW
1708,2024-12-23,12250,12300,12100,12100,6146199,POW
1709,2024-12-24,12100,12150,11850,12050,8759914,POW
1710,2024-12-25,11950,12250,11950,12150,4584077,POW
1711,2024-12-26,12150,12250,12050,12150,3523795,POW
1712,2024-12-27,12200,12200,12000,12000,4156192,POW
1713,2024-12-30,12000,12150,11950,12150,3270796,POW
1714,2024-12-31,12150,12150,12000,12000,1845951,POW
1715,2025-01-02,12000,12150,11950,12000,3026380,POW
1716,2025-01-03,12000,12000,11750,11800,4997556,POW
1717,2025-01-06,11800,11950,11500,11550,5445755,POW
1718,2025-01-07,11600,11650,11450,11450,4026108,POW
1719,2025-01-08,11450,11750,11450,11650,2852749,POW
1720,2025-01-09,11700,11750,11600,11700,2022974,POW
1721,2025-01-10,11700,12100,11650,11650,4742705,POW
1722,2025-01-13,11700,11900,11700,11800,3325028,POW
1723,2025-01-14,11850,11900,11650,11650,2466223,POW
1724,2025-01-15,11750,11900,11650,11900,2611936,POW
1725,2025-01-16,12000,12000,11750,11850,2710820,POW
1726,2025-01-17,11850,11850,11700,11750,2602808,POW
1727,2025-01-20,11750,11800,11600,11600,3737059,POW
1728,2025-01-21,11700,11700,11350,11400,5408364,POW
1729,2025-01-22,11450,11550,11300,11300,3799615,POW
1730,2025-01-23,11350,11500,11350,11450,3588458,POW
1731,2025-01-24,11500,11500,11350,11500,5917342,POW
1732,2025-02-03,11550,11650,11500,11550,3585784,POW
1733,2025-02-04,11600,11800,11550,11750,5118738,POW
1734,2025-02-05,11900,11900,11750,11750,3445047,POW
1735,2025-02-06,11800,11950,11750,11800,2869882,POW
1736,2025-02-07,11850,12200,11800,11950,9587146,POW
