Phase,Loss,Accuracy
val,1.1527299582958221,0.625
val,1.1456795036792755,0.59375
val,1.0410801470279694,0.625
val,0.628252848982811,0.71875
val,1.5701874494552612,0.4375
val,1.2707731872797012,0.65625
val,2.0607911199331284,0.53125
val,1.2137939929962158,0.5
val,0.7918980717658997,0.65625
val,0.6132079809904099,0.75
val,0.5611744225025177,0.78125
val,0.590109683573246,0.75
val,0.7088514566421509,0.75
val,0.6878648847341537,0.78125
val,0.7485428303480148,0.75
val,0.7483759000897408,0.75
val,0.6847577840089798,0.75
val,0.703271895647049,0.75
val,0.6997710168361664,0.78125
val,0.8181285560131073,0.75
val,0.6569340117275715,0.78125
val,0.7473735064268112,0.75
val,0.7431483268737793,0.75
val,0.7244082242250443,0.75
val,0.7621053755283356,0.75
val,0.7727747038006783,0.75
val,0.7014756202697754,0.75
val,0.6318928152322769,0.78125
val,0.6475473493337631,0.78125
val,0.7042368054389954,0.75
val,0.7668570578098297,0.75
val,0.8084012866020203,0.71875
val,0.6383350789546967,0.8125
val,0.700090654194355,0.78125
val,0.7921086177229881,0.71875
val,0.7634387910366058,0.75
val,0.7102983146905899,0.78125
val,0.7378321215510368,0.75
val,0.6733958572149277,0.78125
val,0.6506612151861191,0.78125
val,0.721769642084837,0.8125
val,0.6820566803216934,0.75
val,0.6371408253908157,0.78125
val,0.782026007771492,0.75
val,0.6767898127436638,0.75
val,0.7992629110813141,0.75
val,0.7272199466824532,0.75
val,0.7533126622438431,0.75
val,0.8011274337768555,0.71875
val,0.8499360829591751,0.6875
val,0.698818750679493,0.78125
val,0.7626122608780861,0.75
val,0.7864144667983055,0.71875
val,0.698761522769928,0.78125
val,0.7572060897946358,0.75
val,0.7543298900127411,0.75
val,0.7558599449694157,0.78125
val,0.6296043619513512,0.8125
val,0.710968904197216,0.78125
val,0.7184593379497528,0.75
val,0.6993807181715965,0.75
val,0.6692166775465012,0.78125
val,0.7041425481438637,0.78125
val,0.662530243396759,0.75
val,0.6463360786437988,0.78125
val,0.7605359107255936,0.75
val,0.7723259180784225,0.75
val,0.7634193934500217,0.75
val,0.7004311382770538,0.78125
val,0.7274402491748333,0.78125
val,0.7258382141590118,0.78125
val,0.7372751384973526,0.78125
val,0.698009118437767,0.8125
val,0.6824780032038689,0.8125
val,0.7361248172819614,0.75
val,0.7258377522230148,0.78125
val,0.6996994391083717,0.75
val,0.6718538030982018,0.78125
val,0.7520390450954437,0.78125
val,0.6261433362960815,0.78125
val,0.7756914272904396,0.75
val,0.8097142763435841,0.78125
val,0.7880412116646767,0.75
val,0.7096650525927544,0.8125
val,0.6595335453748703,0.75
val,0.8291476219892502,0.71875
val,0.8098871633410454,0.71875
val,0.7317758798599243,0.78125
val,0.6341894939541817,0.75
val,0.7482644617557526,0.78125
val,0.6413657069206238,0.78125
val,0.8264955133199692,0.75
val,0.6524922773241997,0.78125
val,0.7495360374450684,0.75
val,0.6867493167519569,0.75
val,0.6666346937417984,0.8125
val,0.648365244269371,0.8125
val,0.848419301211834,0.71875
val,0.7337141782045364,0.75
val,0.7062738686800003,0.75
val,0.6789841204881668,0.78125
val,0.727262333035469,0.75
val,0.7140174433588982,0.78125
val,0.7947636544704437,0.75
val,0.7402832508087158,0.75
val,0.6813997104763985,0.71875
val,0.7280047088861465,0.75
val,0.7143457569181919,0.78125
val,0.6687862947583199,0.78125
val,0.7529754564166069,0.75
val,0.7681368738412857,0.71875
val,0.7447109669446945,0.75
val,0.6760314702987671,0.78125
val,0.7483597844839096,0.75
val,0.7702836692333221,0.75
val,0.8349642753601074,0.71875
val,0.7843002080917358,0.71875
val,0.7030139155685902,0.75
val,0.7408090978860855,0.75
val,0.8337865322828293,0.6875
val,0.7576127648353577,0.75
val,0.6832540705800056,0.78125
val,0.8053284771740437,0.75
val,0.7627156972885132,0.75
val,0.754419170320034,0.71875
val,0.746867761015892,0.75
val,0.7203088328242302,0.75
val,0.7564954906702042,0.75
val,0.8032489120960236,0.75
val,0.7717592008411884,0.78125
val,0.8651127815246582,0.71875
val,0.728253647685051,0.78125
val,0.6749943494796753,0.78125
val,0.716276690363884,0.75
val,0.6709791496396065,0.78125
val,0.6939699277281761,0.75
val,0.7308443933725357,0.78125
val,0.7651049196720123,0.78125
val,0.623679518699646,0.78125
val,0.6802073791623116,0.75
val,0.8494879752397537,0.75
val,0.7786227911710739,0.71875
val,0.6872219294309616,0.78125
val,0.6641892120242119,0.78125
val,0.663539532572031,0.8125
val,0.6859871074557304,0.78125
val,0.7001998275518417,0.78125
val,0.6358193531632423,0.78125
val,0.7034849897027016,0.75
val,0.7088746801018715,0.78125
val,0.6665116026997566,0.78125
val,0.6993208676576614,0.78125
val,0.7036391273140907,0.78125
val,0.7692499607801437,0.75
val,0.7157646045088768,0.75
val,0.6942657381296158,0.78125
val,0.7292966693639755,0.75
val,0.7175014093518257,0.78125
val,0.7311517149209976,0.75
val,0.951155461370945,0.6875
val,0.8016969859600067,0.75
val,0.7808415293693542,0.75
val,0.6530768349766731,0.78125
val,0.7141443639993668,0.78125
val,0.7013188451528549,0.78125
val,0.7337962910532951,0.78125
val,0.7706747874617577,0.75
val,0.8006166070699692,0.75
val,0.7194673493504524,0.78125
val,0.7526555433869362,0.78125
val,0.7309821173548698,0.78125
val,0.7652434706687927,0.75
val,0.7732311710715294,0.75
val,0.7105827927589417,0.75
val,0.694893442094326,0.78125
val,0.7280656322836876,0.75
val,0.7417346984148026,0.78125
val,0.7640105187892914,0.71875
val,0.7677066549658775,0.75
val,0.7513863891363144,0.78125
val,0.6764670014381409,0.78125
val,0.8166504129767418,0.71875
val,0.7265458852052689,0.75
val,0.7781285047531128,0.71875
val,0.6979133486747742,0.8125
val,0.7199355959892273,0.75
val,0.730590358376503,0.78125
val,0.6967664733529091,0.75
val,0.6791165620088577,0.78125
val,0.7972260601818562,0.71875
val,0.779397264122963,0.71875
val,0.6768908575177193,0.78125
val,0.6779622957110405,0.8125
val,0.6560814678668976,0.78125
val,0.6376538127660751,0.8125
val,0.723016407340765,0.75
val,0.7058562077581882,0.78125
val,0.7211932465434074,0.75
val,0.7991462498903275,0.75
val,0.7177805304527283,0.78125
val,0.7870668321847916,0.78125
val,0.6420957893133163,0.8125
val,0.7224315404891968,0.78125
val,0.7200407013297081,0.78125
val,0.7072480544447899,0.78125
val,0.7496951371431351,0.78125
val,0.6811558604240417,0.78125
val,0.6461823955178261,0.78125
val,0.805774487555027,0.6875
val,0.7920984253287315,0.75
val,0.7344094514846802,0.75
val,0.6795029640197754,0.75
val,0.6894902847707272,0.75
val,0.7735821679234505,0.71875
val,0.7672580406069756,0.75
val,0.7451706677675247,0.71875
val,0.8227857202291489,0.75
val,0.7456894740462303,0.75
val,0.627886489033699,0.78125
val,0.6570679917931557,0.8125
val,0.7117379382252693,0.75
val,0.7391775622963905,0.78125
val,0.7253495901823044,0.78125
val,0.7142545953392982,0.78125
val,0.6536218449473381,0.78125
val,0.7174776047468185,0.75
val,0.6959973499178886,0.78125
val,0.6701123863458633,0.78125
val,0.713450014591217,0.75
val,0.7024580873548985,0.75
val,0.6283192038536072,0.78125
val,0.6971516460180283,0.78125
val,0.7162731811404228,0.75
val,0.7121107969433069,0.78125
val,0.7377534508705139,0.78125
val,0.6871086955070496,0.78125
val,0.7224329113960266,0.78125
val,0.6561489701271057,0.78125
val,0.7013812884688377,0.75
val,0.7819258719682693,0.75
val,0.6981724984943867,0.78125
val,0.643096037209034,0.75
val,0.6990945339202881,0.75
val,0.6602858975529671,0.78125
val,0.6793573871254921,0.78125
val,0.703727975487709,0.78125
val,0.7629852816462517,0.75
val,0.7541511654853821,0.78125
val,0.7376329749822617,0.78125
val,0.7341545075178146,0.75
val,0.7947436422109604,0.71875
val,0.7663663551211357,0.78125
val,0.8922916203737259,0.71875
val,0.7059175223112106,0.75
val,0.7403199374675751,0.78125
val,0.7000868171453476,0.75
val,0.7139633893966675,0.78125
val,0.7473286278545856,0.78125
val,0.6660380698740482,0.75
val,0.6965470016002655,0.78125
val,0.7098832949995995,0.75
val,0.7634540274739265,0.78125
val,0.8663596287369728,0.75
val,0.6822742074728012,0.75
val,0.6979677677154541,0.75
val,0.6913785710930824,0.78125
val,0.6687593273818493,0.78125
val,0.6727712601423264,0.78125
val,0.7456780150532722,0.75
val,0.7670491561293602,0.75
val,0.92470583319664,0.65625
val,0.7939301058650017,0.75
val,0.7139784172177315,0.75
val,0.8110918067395687,0.75
val,0.7349589318037033,0.75
val,0.7551964893937111,0.75
val,0.7009950280189514,0.78125
val,0.747957393527031,0.75
val,0.8325125128030777,0.75
val,0.8647382259368896,0.71875
val,0.6634959653019905,0.75
val,0.6441249996423721,0.8125
val,0.7481769621372223,0.78125
val,0.7135072723031044,0.75
val,0.7361976429820061,0.75
val,0.7601290419697762,0.71875
val,0.6059628501534462,0.8125
val,0.6530230864882469,0.8125
val,0.7321993410587311,0.75
val,0.6951476410031319,0.75
val,0.6722960099577904,0.78125
val,0.713400486856699,0.75
val,0.8571201413869858,0.71875
val,0.8497530370950699,0.71875
val,0.7866206765174866,0.78125
val,0.7243526428937912,0.75
val,0.7264552712440491,0.75
val,0.7852130085229874,0.75
val,0.7466350793838501,0.75
val,0.6551036089658737,0.75
val,0.7789651528000832,0.71875
val,0.8312682434916496,0.71875
val,0.7331730201840401,0.75
val,0.7972130551934242,0.71875
val,0.7320361286401749,0.75
val,0.8264422044157982,0.71875
val,0.7821295894682407,0.71875
val,0.8453761637210846,0.71875
val,0.7856489345431328,0.71875
val,0.6971592791378498,0.78125
val,0.7058860436081886,0.75
val,0.8188803717494011,0.71875
val,0.6747689098119736,0.78125
val,0.7213038206100464,0.78125
val,0.7607552409172058,0.75
val,0.722226083278656,0.75
val,0.7130896523594856,0.75
val,0.7372048869729042,0.75
val,0.6431177221238613,0.8125
val,0.7875543683767319,0.71875
val,0.7405019700527191,0.78125
val,0.736664816737175,0.71875
val,0.7646806240081787,0.75
val,0.7435273677110672,0.75
val,0.6862778216600418,0.75
val,0.6597983837127686,0.78125
val,0.7693779841065407,0.75
val,0.7742288559675217,0.75
val,0.8106105998158455,0.71875
val,0.7089286781847477,0.78125
val,0.6721832007169724,0.78125
val,0.7094943672418594,0.8125
val,0.6116273999214172,0.8125
val,0.6724758595228195,0.78125
val,0.7637071162462234,0.75
val,0.6619744598865509,0.78125
val,0.7021309807896614,0.78125
val,0.7468347698450089,0.71875
val,0.6824259646236897,0.75
val,0.7232982665300369,0.78125
val,0.6919958591461182,0.78125
val,0.692377008497715,0.78125
val,0.6711453348398209,0.75
val,0.6521706283092499,0.78125
val,0.6993952468037605,0.78125
val,0.7270639464259148,0.75
val,0.8066419661045074,0.71875
val,0.8032906278967857,0.71875
val,0.7668909206986427,0.78125
val,0.7212609648704529,0.78125
val,0.856621041893959,0.71875
val,0.8324042186141014,0.71875
val,0.7472676038742065,0.75
val,0.8126176297664642,0.71875
val,0.8122494667768478,0.71875
val,0.827316090464592,0.75
val,0.7776962518692017,0.75
val,0.7355935908854008,0.75
val,0.812565416097641,0.71875
val,0.798017606139183,0.75
val,0.8230597376823425,0.75
val,0.8224650472402573,0.71875
val,0.7600352317094803,0.75
val,0.683591678738594,0.78125
val,0.6840447634458542,0.8125
val,0.7684282213449478,0.75
val,0.7047324776649475,0.78125
val,0.7211977690458298,0.78125
val,0.6821509897708893,0.78125
val,0.7118875533342361,0.78125
val,0.7989932298660278,0.75
val,0.8353796005249023,0.6875
val,0.7265207022428513,0.75
val,0.7555203959345818,0.75
val,0.7234686315059662,0.75
val,0.7263219729065895,0.75
val,0.7074864879250526,0.75
val,0.8380138874053955,0.71875
val,0.6373899132013321,0.78125
val,0.7108868211507797,0.78125
val,0.6196290850639343,0.8125
val,0.6543395966291428,0.8125
val,0.6926100477576256,0.78125
val,0.6794585436582565,0.78125
val,0.7174419537186623,0.75
val,0.6864781752228737,0.78125
val,0.6772918403148651,0.78125
val,0.7480873689055443,0.75
val,0.7192990481853485,0.75
val,0.6881296336650848,0.75
val,0.7535507529973984,0.71875
val,0.7362786456942558,0.75
val,0.6762701272964478,0.78125
val,0.7531697824597359,0.75
val,0.6807353496551514,0.75
val,0.6903225257992744,0.78125
val,0.8047472611069679,0.75
val,0.8239652700722218,0.71875
val,0.8158496022224426,0.71875
val,0.7009862624108791,0.78125
val,0.635900042951107,0.78125
val,0.6507238745689392,0.8125
val,0.7833492159843445,0.78125
val,0.7599715888500214,0.75
val,0.7633267492055893,0.71875
val,0.7250595018267632,0.75
val,0.7097318470478058,0.78125
val,0.7291348576545715,0.78125
val,0.741885170340538,0.78125
val,0.7121856212615967,0.78125
val,0.7882902175188065,0.75
val,0.6823263391852379,0.78125
val,0.7374848872423172,0.78125
val,0.756233710795641,0.75
val,0.7074507027864456,0.75
val,0.8045322448015213,0.75
val,0.7150545194745064,0.75
val,0.6905999928712845,0.8125
val,0.7213563919067383,0.78125
val,0.7356308922171593,0.78125
val,0.6762183606624603,0.78125
val,0.6394744366407394,0.78125
val,0.8079914748668671,0.71875
val,0.6960924565792084,0.78125
val,0.7300713956356049,0.75
val,0.804224357008934,0.75
val,0.6914409548044205,0.78125
val,0.7117098309099674,0.75
val,0.7893581092357635,0.71875
val,0.723289743065834,0.71875
val,0.7445483729243279,0.75
val,0.7505448907613754,0.78125
val,0.7579168826341629,0.71875
val,0.7098125070333481,0.78125
val,0.7131947949528694,0.75
val,0.7373948618769646,0.75
val,0.7668599039316177,0.75
val,0.7841550409793854,0.75
val,0.812782883644104,0.71875
val,0.7843829691410065,0.75
val,0.778022825717926,0.75
val,0.7661822214722633,0.75
val,0.7372631877660751,0.75
val,0.7218895107507706,0.78125
val,0.7429175078868866,0.78125
val,0.7949309796094894,0.71875
val,0.6733355075120926,0.78125
val,0.6655120998620987,0.78125
val,0.747262105345726,0.78125
val,0.7575146034359932,0.75
val,0.7238790988922119,0.78125
val,0.7117072641849518,0.75
val,0.6991167962551117,0.78125
val,0.7909325882792473,0.71875
val,0.7467732131481171,0.75
val,0.7725815698504448,0.75
val,0.7662237510085106,0.75
val,0.8569341972470284,0.71875
val,0.7467431873083115,0.75
val,0.7195175141096115,0.78125
val,0.7215470522642136,0.8125
val,0.7245186790823936,0.75
val,0.720429852604866,0.75
val,0.7766199707984924,0.78125
val,0.7926862239837646,0.75
val,0.7779260277748108,0.75
val,0.7485926598310471,0.71875
val,0.6428531929850578,0.75
val,0.6557321697473526,0.78125
val,0.648108959197998,0.78125
val,0.7150904834270477,0.75
val,0.7048739492893219,0.78125
val,0.7723975330591202,0.75
val,0.7397635132074356,0.75
val,0.698160707950592,0.78125
val,0.7741948813199997,0.75
val,0.64243945479393,0.78125
val,0.6997062861919403,0.78125
val,0.7185022085905075,0.75
val,0.7879291921854019,0.71875
val,0.8160727769136429,0.71875
val,0.7265284582972527,0.75
val,0.7174800746142864,0.78125
val,0.7094961479306221,0.78125
val,0.7354200258851051,0.78125
val,0.7376484870910645,0.75
val,0.612749170511961,0.78125
val,0.6730170622467995,0.75
val,0.6644871719181538,0.78125
val,0.6722991541028023,0.8125
val,0.7594565227627754,0.75
val,0.6936670318245888,0.75
val,0.6760699190199375,0.78125
val,0.8265592828392982,0.71875
val,0.8190852850675583,0.71875
val,0.8313054442405701,0.71875
val,0.6658584550023079,0.78125
val,0.7712947055697441,0.75
val,0.7679793834686279,0.71875
val,0.7538873851299286,0.78125
val,0.7131363898515701,0.75
val,0.7231598794460297,0.75
val,0.7358180433511734,0.78125
val,0.7958213835954666,0.71875
val,0.9013743996620178,0.71875
val,0.7669735625386238,0.75
val,0.7373604066669941,0.75
val,0.7390670925378799,0.75
val,0.8420001789927483,0.75
val,0.8491532132029533,0.6875
val,0.7366340756416321,0.78125
val,0.7565052956342697,0.75
val,0.7166571170091629,0.78125
val,0.7855117917060852,0.75
val,0.7446766309440136,0.71875
val,0.7554119229316711,0.8125
val,0.7215075194835663,0.78125
val,0.6798126325011253,0.78125
val,0.667570237070322,0.78125
val,0.7544906586408615,0.75
val,0.649780485779047,0.78125
val,0.6784414499998093,0.78125
val,0.7633631974458694,0.78125
val,0.695608526468277,0.75
val,0.6848563998937607,0.75
val,0.6909217648208141,0.78125
val,0.7595894709229469,0.75
val,0.7613255605101585,0.8125
val,0.8338371217250824,0.75
val,0.698815181851387,0.78125
val,0.7969513610005379,0.75
val,0.854988232254982,0.71875
val,0.7299452498555183,0.78125
val,0.7607494667172432,0.78125
val,0.7628905475139618,0.75
val,0.6576139107346535,0.78125
val,0.6489820629358292,0.78125
val,0.6651875600218773,0.75
val,0.7094599157571793,0.78125
val,0.7014964297413826,0.78125
val,0.7468079254031181,0.75
val,0.7042845040559769,0.78125
val,0.7976359501481056,0.75
val,0.7168109975755215,0.78125
val,0.7233137004077435,0.75
val,0.7908719405531883,0.75
val,0.6911008059978485,0.78125
val,0.7071728333830833,0.75
val,0.7648670375347137,0.75
val,0.6933132447302341,0.78125
val,0.7190060988068581,0.78125
val,0.7351991906762123,0.75
val,0.7362743839621544,0.75
val,0.6814194843173027,0.78125
val,0.7782184332609177,0.78125
val,0.7203577980399132,0.75
val,0.719431109726429,0.78125
val,0.693765327334404,0.78125
val,0.7545313313603401,0.75
val,0.749199815094471,0.75
val,0.7697560638189316,0.75
val,0.6324777230620384,0.78125
val,0.7053269520401955,0.75
val,0.6709545105695724,0.78125
val,0.7647808790206909,0.75
val,0.7116093635559082,0.78125
val,0.7281960472464561,0.75
val,0.8231819570064545,0.71875
val,0.7765117436647415,0.75
val,0.7595516741275787,0.71875
val,0.7181550040841103,0.75
val,0.6941833794116974,0.8125
val,0.73061203956604,0.78125
val,0.8230317682027817,0.71875
val,0.8156818822026253,0.6875
val,0.7384326159954071,0.75
val,0.793261706829071,0.71875
val,0.7375462800264359,0.75
val,0.8076907247304916,0.71875
val,0.7718266695737839,0.75
val,0.6656866073608398,0.78125
val,0.7463595196604729,0.75
val,0.6428156495094299,0.78125
val,0.6774393394589424,0.78125
val,0.6994886919856071,0.78125
val,0.7772824093699455,0.75
val,0.8121009320020676,0.6875
val,0.8120030909776688,0.71875
val,0.7153366208076477,0.78125
val,0.7902392148971558,0.75
val,0.7820824906229973,0.71875
val,0.7345095574855804,0.75
val,0.7955562993884087,0.75
val,0.6963830441236496,0.78125
val,0.8271735236048698,0.71875
val,0.7646689563989639,0.78125
val,0.7426536194980145,0.71875
val,0.6579197496175766,0.78125
val,0.8031401336193085,0.78125
val,0.8579528033733368,0.71875
val,0.6874997913837433,0.78125
val,0.7306618392467499,0.78125
val,0.7471208535134792,0.78125
val,0.7790261879563332,0.75
val,0.7387396693229675,0.78125
val,0.7367829009890556,0.75
val,0.7030978500843048,0.78125
val,0.6941321864724159,0.78125
val,0.688537985086441,0.78125
val,0.7128242924809456,0.78125
val,0.7527548968791962,0.75
val,0.7100577503442764,0.78125
val,0.6766291037201881,0.78125
val,0.7269507646560669,0.78125
val,0.7320010811090469,0.75
val,0.7876255437731743,0.75
val,0.6974813528358936,0.75
val,0.7196051254868507,0.78125
val,0.6737523525953293,0.75
val,0.6943498253822327,0.78125
val,0.7011927850544453,0.78125
val,0.7390482053160667,0.75
val,0.811887264251709,0.78125
val,0.7390738278627396,0.78125
val,0.739905770868063,0.78125
val,0.7375567406415939,0.78125
val,0.7460329048335552,0.78125
val,0.7076904699206352,0.78125
val,0.7589704357087612,0.75
val,0.7448570430278778,0.75
val,0.7676999941468239,0.71875
val,0.6993633508682251,0.78125
val,0.87059685587883,0.71875
val,0.7824955806136131,0.78125
val,0.7322385236620903,0.78125
val,0.7744217664003372,0.75
val,0.7477916926145554,0.75
val,0.8432239294052124,0.71875
val,0.7548088729381561,0.75
val,0.6786614805459976,0.75
val,0.7425293400883675,0.75
val,0.64072485268116,0.78125
val,0.7090441808104515,0.78125
val,0.7979955449700356,0.75
val,0.7533509582281113,0.75
val,0.7566887885332108,0.71875
val,0.6439155116677284,0.78125
val,0.6580787897109985,0.78125
val,0.7046749591827393,0.78125
val,0.7657148465514183,0.71875
val,0.7795329242944717,0.71875
val,0.7796404138207436,0.75
val,0.8378005474805832,0.75
val,0.705611452460289,0.78125
val,0.7443247511982918,0.78125
val,0.7357672154903412,0.75
val,0.70903030782938,0.75
val,0.7141119763255119,0.75
val,0.7775162979960442,0.75
val,0.730360746383667,0.75
val,0.6690461710095406,0.78125
val,0.7145224288105965,0.78125
val,0.7048457115888596,0.75
val,0.6904997378587723,0.78125
val,0.7641358152031898,0.75
val,0.6689844131469727,0.78125
val,0.6531443446874619,0.75
val,0.6819313578307629,0.78125
val,0.6541325449943542,0.78125
val,0.6847063153982162,0.78125
val,0.7377737164497375,0.75
val,0.6486828550696373,0.78125
val,0.7484152466058731,0.75
val,0.6762249171733856,0.8125
val,0.8080501705408096,0.75
val,0.7145387306809425,0.78125
val,0.6524781957268715,0.78125
val,0.74273232370615,0.75
val,0.6892214864492416,0.78125
val,0.7156565338373184,0.78125
val,0.6305717378854752,0.78125
val,0.6909996122121811,0.75
val,0.783009484410286,0.75
val,0.7894815355539322,0.75
val,0.7476429045200348,0.75
val,0.7631793171167374,0.75
val,0.6845069602131844,0.75
val,0.7430919632315636,0.75
val,0.8066068217158318,0.75
val,0.8358123302459717,0.75
val,0.7947716042399406,0.75
val,0.7567910701036453,0.75
val,0.6445140391588211,0.8125
val,0.714533306658268,0.78125
val,0.7683180570602417,0.71875
val,0.802159033715725,0.75
val,0.7898873686790466,0.78125
val,0.6972119361162186,0.78125
val,0.6987413018941879,0.75
val,0.7837418764829636,0.71875
val,0.7566054314374924,0.78125
val,0.6485455632209778,0.78125
val,0.6695386692881584,0.78125
val,0.7866075336933136,0.71875
val,0.7333057820796967,0.75
val,0.7149676084518433,0.75
val,0.7588947415351868,0.75
val,0.9275200515985489,0.71875
val,0.823110930621624,0.71875
val,0.865921750664711,0.71875
val,0.8696550875902176,0.71875
val,0.7403237298130989,0.78125
val,0.6568594053387642,0.78125
val,0.7445923462510109,0.75
val,0.6495114713907242,0.78125
val,0.6947359219193459,0.78125
val,0.741041824221611,0.75
val,0.8044216930866241,0.75
val,0.8403844833374023,0.71875
val,0.6801376827061176,0.78125
val,0.7367407828569412,0.75
val,0.703298382461071,0.78125
val,0.7647643387317657,0.78125
val,0.7721199244260788,0.71875
val,0.7400927245616913,0.75
val,0.7546118274331093,0.75
val,0.7031130604445934,0.78125
val,0.7361899092793465,0.75
val,0.6574500948190689,0.75
val,0.7419076338410378,0.75
val,0.7069764733314514,0.78125
val,0.7027249783277512,0.75
val,0.700664222240448,0.75
val,0.7680783495306969,0.71875
val,0.8195089101791382,0.71875
val,0.789547935128212,0.75
val,0.7202763706445694,0.75
val,0.6626647934317589,0.75
val,0.7400161474943161,0.75
val,0.6739231795072556,0.75
val,0.6588364914059639,0.78125
val,0.6693468242883682,0.78125
val,0.7511374652385712,0.78125
val,0.6285659708082676,0.78125
val,0.699797660112381,0.71875
val,0.7046215683221817,0.78125
val,0.6950847506523132,0.78125
val,0.8346284478902817,0.75
val,0.7796346545219421,0.75
val,0.7851605787873268,0.75
val,0.7808873802423477,0.75
val,0.813460186123848,0.71875
val,0.7277662009000778,0.75
val,0.8065430745482445,0.71875
val,0.6905556544661522,0.78125
val,0.7244935482740402,0.78125
val,0.735413134098053,0.78125
val,0.6657550483942032,0.78125
val,0.788415789604187,0.71875
val,0.677498072385788,0.75
val,0.7373671755194664,0.75
val,0.719464898109436,0.75
val,0.7133797854185104,0.78125
val,0.7362094447016716,0.75
val,0.7232430428266525,0.8125
val,0.79214808344841,0.71875
val,0.7728781327605247,0.75
val,0.6163961440324783,0.78125
val,0.7419041022658348,0.75
val,0.6658832505345345,0.78125
val,0.6141238696873188,0.78125
val,0.7368558328598738,0.75
val,0.7495935186743736,0.71875
val,0.7891536131501198,0.75
val,0.78533486276865,0.78125
val,0.7323987707495689,0.78125
val,0.7869183868169785,0.75
val,0.7140663787722588,0.78125
val,0.8197756707668304,0.75
val,0.8204050213098526,0.75
val,0.7994272336363792,0.71875
val,0.6855011582374573,0.78125
val,0.730441078543663,0.75
val,0.8195914849638939,0.75
val,0.7547799870371819,0.75
val,0.6757094860076904,0.78125
val,0.7082476392388344,0.75
val,0.7131287381052971,0.78125
val,0.6944956332445145,0.78125
val,0.802847258746624,0.71875
val,0.8390975445508957,0.6875
val,0.7031966969370842,0.78125
val,0.7045594304800034,0.75
val,0.6957328245043755,0.75
val,0.6939615234732628,0.78125
val,0.635585755109787,0.78125
val,0.7065733671188354,0.8125
val,0.7022193521261215,0.78125
val,0.7000786066055298,0.75
val,0.7353244498372078,0.75
val,0.7157991006970406,0.78125
val,0.7221339046955109,0.8125
val,0.7419438660144806,0.78125
val,0.6677683591842651,0.78125
val,0.673528041690588,0.78125
val,0.7038562670350075,0.8125
val,0.764255128800869,0.75
val,0.7153778150677681,0.75
val,0.7711633592844009,0.75
val,0.7209863029420376,0.78125
val,0.6367710381746292,0.8125
val,0.7006271630525589,0.78125
val,0.6608629375696182,0.78125
val,0.7397950440645218,0.75
val,0.8188139908015728,0.71875
val,0.6766679212450981,0.78125
val,0.7578214854001999,0.75
val,0.757625475525856,0.75
val,0.7991758063435555,0.75
val,0.737792044878006,0.78125
val,0.7491719126701355,0.78125
val,0.7124809138476849,0.78125
val,0.7467281520366669,0.78125
val,0.7511754035949707,0.75
val,0.7551981322467327,0.75
val,0.7275813221931458,0.78125
val,0.735924169421196,0.78125
val,0.7419461905956268,0.75
val,0.6517018154263496,0.78125
val,0.7539977580308914,0.78125
val,0.7981392294168472,0.75
val,0.7729811742901802,0.75
val,0.7545320577919483,0.71875
val,0.7203791365027428,0.75
val,0.7122766673564911,0.75
val,0.7223303020000458,0.75
val,0.7608770877122879,0.75
val,0.7557304054498672,0.75
val,0.7075862884521484,0.78125
val,0.6901642233133316,0.78125
val,0.6979692950844765,0.75
val,0.7507042363286018,0.78125
val,0.7906023859977722,0.71875
val,0.7121957242488861,0.75
val,0.737501248717308,0.75
val,0.8174759820103645,0.6875
val,0.7947643101215363,0.75
val,0.6781710684299469,0.78125
val,0.6936540976166725,0.75
val,0.7734474837779999,0.71875
val,0.7989691123366356,0.75
val,0.7004608064889908,0.78125
val,0.6673737913370132,0.8125
val,0.7646191790699959,0.75
val,0.7166110388934612,0.78125
val,0.746338240802288,0.78125
val,0.8531649932265282,0.78125
val,0.72505272179842,0.75
val,0.7075953185558319,0.78125
val,0.7078273147344589,0.75
val,0.6716485992074013,0.8125
val,0.6798427253961563,0.75
val,0.8018094822764397,0.75
val,0.8312342166900635,0.71875
val,0.7040848582983017,0.78125
val,0.6869877725839615,0.75
val,0.6657496988773346,0.78125
val,0.6809592321515083,0.78125
val,0.6983809471130371,0.71875
val,0.7085236832499504,0.75
val,0.7433434724807739,0.75
val,0.7468541115522385,0.75
val,0.7782967165112495,0.75
val,0.7348320186138153,0.75
val,0.7346644699573517,0.78125
val,0.759517140686512,0.75
val,0.7736658155918121,0.75
val,0.7979886829853058,0.75
val,0.7026689797639847,0.78125
val,0.8083969280123711,0.75
val,0.8581820279359818,0.75
val,0.7194856405258179,0.78125
val,0.7253216803073883,0.78125
val,0.7033121660351753,0.78125
val,0.7172168716788292,0.78125
val,0.7223252430558205,0.78125
val,0.6444555073976517,0.8125
val,0.7807652726769447,0.71875
val,0.7016490921378136,0.78125
val,0.6674123406410217,0.78125
val,0.7441904470324516,0.78125
val,0.6953065544366837,0.78125
val,0.6982891485095024,0.78125
val,0.6570027992129326,0.8125
val,0.7242849841713905,0.78125
val,0.7198533862829208,0.78125
val,0.6398607566952705,0.78125
val,0.6954474523663521,0.8125
val,0.7337475121021271,0.71875
val,0.7278221845626831,0.75
val,0.7497542351484299,0.75
val,0.7077080234885216,0.75
val,0.6663427427411079,0.78125
val,0.6666056737303734,0.75
val,0.7371385022997856,0.71875
val,0.7098270654678345,0.78125
val,0.735503226518631,0.75
val,0.7539335042238235,0.75
val,0.782405823469162,0.71875
val,0.7714953944087029,0.75
val,0.7142594046890736,0.75
val,0.6366354897618294,0.8125
val,0.8202277570962906,0.71875
val,0.8054433241486549,0.75
val,0.8637633323669434,0.71875
val,0.692011833190918,0.78125
val,0.7192255705595016,0.78125
val,0.7623744681477547,0.75
val,0.6793603114783764,0.78125
val,0.8159424066543579,0.75
val,0.7803361564874649,0.78125
val,0.7120846658945084,0.78125
val,0.7278440371155739,0.75
val,0.7471868693828583,0.75
val,0.7237140908837318,0.78125
val,0.7792859673500061,0.71875
val,0.7420428842306137,0.78125
val,0.7403113096952438,0.75
val,0.7743701115250587,0.71875
val,0.7572556957602501,0.78125
val,0.7810885384678841,0.75
val,0.661930039525032,0.78125
val,0.7274331413209438,0.8125
val,0.7256039753556252,0.78125
val,0.734046533703804,0.75
val,0.6419071108102798,0.78125
val,0.6971443444490433,0.8125
val,0.7052322812378407,0.8125
val,0.7399247288703918,0.78125
val,0.7966683954000473,0.71875
val,0.6712500974535942,0.78125
val,0.7885391116142273,0.75
val,0.7656025439500809,0.75
val,0.8021941035985947,0.75
val,0.7536753788590431,0.75
val,0.7743783816695213,0.71875
val,0.7260567992925644,0.78125
val,0.8214351236820221,0.75
val,0.7720876708626747,0.78125
val,0.6994757726788521,0.78125
val,0.718824565410614,0.78125
val,0.7233321815729141,0.75
val,0.8254583403468132,0.78125
val,0.6735997870564461,0.78125
val,0.6997666209936142,0.78125
val,0.5934358760714531,0.8125
val,0.6947084814310074,0.78125
val,0.7321237362921238,0.75
val,0.7248943001031876,0.75
val,0.6871460527181625,0.75
val,0.7211827300488949,0.75
val,0.8054865226149559,0.78125
val,0.9617251455783844,0.6875
val,0.7981395050883293,0.75
val,0.8642036244273186,0.71875
val,0.7288303449749947,0.75
val,0.7676246725022793,0.75
val,0.7759209126234055,0.71875
val,0.7552369311451912,0.75
val,0.6777983941137791,0.78125
val,0.6948587074875832,0.78125
val,0.7670610323548317,0.75
val,0.7725945934653282,0.75
val,0.7847868725657463,0.71875
val,0.7068235501646996,0.75
val,0.642760619521141,0.78125
val,0.6488209366798401,0.78125
val,0.7785293161869049,0.75
val,0.7080078572034836,0.78125
val,0.6813768297433853,0.75
val,0.7067351639270782,0.78125
val,0.7732619717717171,0.75
val,0.6995480805635452,0.78125
val,0.7111455053091049,0.78125
val,0.7134759947657585,0.75
val,0.7434678301215172,0.78125
val,0.7501515820622444,0.75
val,0.8096102997660637,0.78125
val,0.7344351187348366,0.75
val,0.6355246715247631,0.8125
val,0.6582481563091278,0.78125
val,0.7166963145136833,0.75
val,0.7896153703331947,0.75
val,0.7554583251476288,0.78125
val,0.6780951023101807,0.78125
val,0.7593476176261902,0.78125
val,0.7073929496109486,0.78125
val,0.7087618336081505,0.71875
val,0.67225057259202,0.78125
val,0.6743245720863342,0.78125
